student_id,first_name_clean,last_name_clean,school_id,cohort_year,test_date,test_score,running_variable,eligible,received_scholarship,award_date,enrolled_college,enrollment_date,first_year_gpa,rd_sample_10pt,rd_sample_5pt
100039,Daniel,Wilson,SCH002,2022,2023-05-23,74.9,-10.099999999999994,0,0,2021-07-09,0,2021-11-14,,0,0
100082,Sarah,Moore,SCH004,2021,2020-12-12,82.0,-3.0,0,0,2023-02-04,0,2024-03-09,,1,1
100086,Emily,Johnson,SCH005,2021,2022-07-09,78.6,-6.400000000000006,0,0,2023-02-11,1,2023-09-16,2.02,1,0
100088,Daniel,Smith,SCH001,2023,2022-04-09,67.5,-17.5,0,0,2021-12-31,0,2023-08-14,,0,0
100128,Emily,Taylor,SCH005,2021,2023-03-08,79.2,-5.799999999999997,0,0,2021-04-07,0,2022-09-28,,1,0
100168,Daniel,Wilson,SCH004,2021,2022-05-04,93.9,8.900000000000006,1,1,2021-04-03,1,2023-08-08,3.99,1,0
100175,Maria,Garcia,SCH005,2022,2021-06-30,59.8,-25.200000000000003,0,1,2022-05-17,0,2022-05-14,,0,0
100180,Chris,Miller,SCH004,2023,2022-08-19,82.9,-2.0999999999999943,0,0,2022-06-03,1,2023-05-17,2.82,1,1
100209,Sarah,Davis,SCH003,2022,2023-03-28,85.49938143829294,0.4993814382929429,1,0,2021-03-11,0,2023-01-28,,1,1
100220,Sarah,Smith,SCH002,2021,2022-12-07,70.8,-14.200000000000003,0,0,2021-09-19,0,2022-07-23,,0,0
100231,Michael,Miller,SCH004,2021,2021-06-28,100.0,15.0,1,1,2022-02-16,1,2022-08-20,2.22,0,0
100241,Ashley,Wilson,SCH005,2023,2020-11-07,84.4,-0.5999999999999943,0,0,2022-07-01,0,2022-01-20,,1,1
100306,James,Wilson,SCH003,2022,2022-09-28,75.6,-9.400000000000006,0,0,2023-01-04,1,2021-10-30,2.48,1,0
100364,Maria,Anderson,SCH005,2022,2022-03-27,60.5,-24.5,0,0,2021-03-17,0,2022-08-24,,0,0
100371,James,Davis,SCH002,2022,2020-12-15,75.9,-9.099999999999994,0,0,2021-03-26,0,2024-04-10,,1,0
100373,Daniel,Johnson,SCH004,2023,2022-12-14,93.9,8.900000000000006,1,1,2022-07-10,0,2023-09-14,,1,0
100377,Ashley,Brown,SCH002,2022,2022-04-23,53.7,-31.299999999999997,0,0,2021-11-07,1,2022-02-18,2.18,0,0
100378,Taylor,Taylor,SCH004,2021,2021-10-18,76.5,-8.5,0,0,2023-01-22,0,2023-02-26,,1,0
100395,Taylor,Brown,SCH003,2021,2023-03-08,84.5,-0.5,0,0,2021-12-14,1,2023-07-05,2.47,1,1
100421,Taylor,Brown,UNKNOWN,2023,2023-02-07,71.9,-13.099999999999994,0,0,2021-08-31,0,2022-08-08,,0,0
100460,Daniel,Wilson,SCH004,2023,2022-11-07,76.9,-8.099999999999994,0,0,2022-02-02,0,2023-05-03,,1,0
100468,Sarah,Wilson,SCH003,2023,2022-11-06,67.4,-17.599999999999994,0,0,2023-02-20,0,2022-12-11,,0,0
100480,David,Smith,SCH001,2022,2022-07-20,62.7,-22.299999999999997,0,0,2022-01-30,1,2022-12-26,1.92,0,0
100483,Maria,Wilson,SCH004,2022,2021-06-12,100.0,15.0,1,1,2022-07-30,1,2022-10-21,2.3,0,0
100502,James,Taylor,SCH002,2021,2020-11-26,96.3,11.299999999999997,1,1,2022-12-14,0,2021-11-17,,0,0
100511,David,Anderson,SCH003,2021,2021-02-20,95.1,10.099999999999994,1,1,2023-08-23,1,2021-11-13,2.41,0,0
100524,Maria,Anderson,SCH002,2022,2021-02-14,89.9,4.900000000000006,1,1,2021-05-16,1,2024-05-09,3.69,1,1
100537,Chris,Johnson,SCH005,2022,2021-08-12,76.5,-8.5,0,0,2021-07-25,1,2022-10-13,2.13,1,0
100548,James,Wilson,SCH003,2022,2021-04-27,75.6,-9.400000000000006,0,0,2021-03-17,1,2024-05-06,3.16,1,0
100580,Maria,Anderson,SCH005,2022,2021-10-07,81.4,-3.5999999999999943,0,0,2022-07-17,0,2024-04-13,,1,1
100594,Maria,Johnson,SCH002,2022,2022-06-09,81.7,-3.299999999999997,0,0,2022-09-08,1,2021-11-26,3.14,1,1
100611,Emily,Smith,SCH001,2021,2023-04-28,73.4,-11.599999999999994,0,1,2022-01-25,0,2023-04-28,,0,0
100618,David,Davis,SCH004,2021,2021-12-10,78.0,-7.0,0,0,2021-03-11,0,2023-12-18,,1,0
100642,Michael,Brown,SCH005,2021,2022-02-23,73.0,-12.0,0,0,2021-05-13,0,2021-09-07,,0,0
100649,Chris,Taylor,SCH005,2023,2020-11-12,85.5,0.5,1,1,2021-12-14,0,2023-05-23,,1,1
100652,James,Miller,SCH002,2021,2021-04-06,87.3,2.299999999999997,1,1,2022-12-31,0,2023-05-10,,1,1
100671,Emily,Anderson,SCH005,2022,2021-11-03,70.2,-14.799999999999997,0,0,2022-02-11,1,2021-11-15,2.91,0,0
100693,Maria,Miller,SCH002,2023,2023-01-11,75.8,-9.200000000000003,0,0,2023-01-20,0,2022-09-20,,1,0
100724,Emily,Anderson,SCH004,2021,2021-10-03,96.8,11.799999999999997,1,1,2021-01-31,1,2023-07-27,3.14,0,0
100730,James,Davis,SCH004,2022,2021-01-31,78.0,-7.0,0,0,,0,2024-04-14,,1,0
100735,Daniel,Johnson,SCH004,2023,2020-10-06,78.6,-6.400000000000006,0,0,2023-02-28,0,2021-08-04,,1,0
100742,Ashley,Wilson,SCH001,2022,2023-05-08,89.5,4.5,1,1,2022-02-23,1,2022-12-03,2.84,1,1
100751,Emily,Smith,SCH005,2021,2021-05-10,94.417034213954,9.417034213953997,1,1,2021-11-05,0,2022-07-10,,1,0
100788,Daniel,Davis,SCH004,2022,2022-07-28,85.1,0.09999999999999432,1,1,2022-01-02,0,2024-02-19,,1,1
100789,Taylor,Wilson,SCH005,2021,2022-04-11,84.0,-1.0,0,0,2021-10-20,0,2024-02-23,,1,1
100794,David,Moore,SCH003,2021,2022-08-26,77.9,-7.099999999999994,0,0,2022-04-03,1,2023-11-28,2.46,1,0
100802,Ashley,Garcia,SCH004,2021,2022-03-22,72.2,-12.799999999999997,0,0,2021-08-27,0,2024-03-31,,0,0
100820,Maria,Wilson,SCH004,2021,2022-03-14,99.1,14.099999999999994,1,1,2022-11-28,1,2023-06-02,3.51,0,0
100846,Sarah,Davis,SCH005,2022,2023-02-25,90.3,5.299999999999997,1,0,2022-12-30,1,2021-09-30,2.92,1,0
100879,Sarah,Miller,SCH005,2022,2021-06-15,63.8,-21.200000000000003,0,0,2023-02-17,0,2023-03-01,,0,0
100880,Sarah,Garcia,SCH005,2022,2023-04-16,73.5,-11.5,0,0,2023-06-16,1,2024-07-01,2.22,0,0
100883,David,Wilson,SCH005,2023,2023-04-01,91.4,6.400000000000006,1,0,2021-11-07,1,2022-07-20,3.24,1,0
100908,Emily,Miller,SCH001,2022,2022-02-23,84.0,-1.0,0,0,2022-12-22,0,2022-10-17,,1,1
100915,Emily,Brown,SCH002,2022,2021-09-06,91.8,6.799999999999997,1,1,2022-01-21,1,2022-10-24,2.15,1,0
100919,Daniel,Garcia,SCH003,2023,2021-01-31,71.81399653216712,-13.186003467832876,0,0,2021-02-01,0,2024-04-28,,0,0
100944,David,Brown,SCH003,2023,2020-11-03,80.7,-4.299999999999997,0,0,2021-09-16,1,2022-06-22,2.02,1,1
100959,James,Smith,SCH004,2021,2022-12-28,79.5,-5.5,0,0,2023-07-24,0,2023-07-02,,1,0
101029,David,Miller,SCH004,2022,2022-08-14,78.6,-6.400000000000006,0,0,2023-05-11,0,,,1,0
101034,Emily,Moore,SCH002,2021,2023-04-24,79.4,-5.599999999999994,0,0,2022-03-25,1,2023-04-29,2.44,1,0
101040,Daniel,Anderson,SCH005,2022,2022-02-18,77.6,-7.400000000000006,0,0,2023-05-19,0,2021-08-13,,1,0
101070,David,Johnson,SCH004,2022,2022-01-05,89.11747744058553,4.117477440585532,1,1,2022-02-15,1,2022-06-20,3.96,1,1
101081,Sarah,Brown,SCH001,2021,2022-01-31,80.6,-4.400000000000006,0,1,2022-01-16,1,2023-01-25,3.07,1,1
101085,Chris,Smith,SCH001,2023,2021-07-17,73.4,-11.599999999999994,0,0,2022-10-09,0,2023-05-31,,0,0
101086,Michael,Davis,SCH003,2022,2022-07-07,84.6,-0.4000000000000057,0,0,2023-03-24,0,2023-06-28,,1,1
101095,Ashley,Brown,SCH005,2022,2021-01-16,62.5,-22.5,0,0,2023-01-24,1,2024-08-22,2.55,0,0
101097,James,Garcia,SCH003,2023,2021-01-06,70.7,-14.299999999999997,0,0,2021-06-11,0,2023-11-13,,0,0
101104,Michael,Garcia,SCH002,2022,2021-06-08,77.5,-7.5,0,0,,1,2022-05-19,1.4,1,0
101114,Sarah,Miller,SCH004,2022,2022-03-09,83.7,-1.2999999999999972,0,0,2023-07-11,0,2021-09-10,,1,1
101132,Ashley,Davis,SCH005,2022,2022-08-17,79.7,-5.299999999999997,0,0,2021-02-08,0,2023-11-04,,1,0
101136,Ashley,Miller,SCH005,2021,2021-01-14,64.2,-20.799999999999997,0,0,2023-01-11,1,2021-12-08,2.06,0,0
101142,Sarah,Anderson,SCH002,2023,2023-01-13,75.6,-9.400000000000006,0,0,2021-08-06,0,2023-10-12,,1,0
101154,Ashley,Smith,SCH003,2023,2020-12-24,70.6,-14.400000000000006,0,0,2022-02-14,0,2022-12-14,,0,0
101161,Emily,Johnson,SCH001,2023,2023-05-18,77.4,-7.599999999999994,0,1,2021-06-11,0,2024-05-25,,1,0
101176,James,Smith,SCH002,2022,2020-10-14,74.1,-10.900000000000006,0,1,2022-02-07,1,2023-04-07,2.11,0,0
101178,Michael,Brown,SCH001,2022,2020-09-03,72.4,-12.599999999999994,0,0,2021-04-09,0,2022-12-11,,0,0
101190,Maria,Smith,SCH004,2023,2021-05-08,73.45464908739767,-11.54535091260233,0,0,2022-04-05,0,2024-05-08,,0,0
101200,Emily,Smith,SCH004,2021,2023-01-11,68.2,-16.799999999999997,0,0,2021-10-03,1,2023-05-24,1.92,0,0
101211,Sarah,Moore,SCH001,2023,2021-11-06,77.6,-7.400000000000006,0,0,2021-01-24,0,2023-05-25,,1,0
101223,Taylor,Brown,SCH005,2021,2022-10-12,67.7,-17.299999999999997,0,0,2023-07-12,1,2023-12-10,2.44,0,0
101237,Sarah,Smith,SCH004,2023,2022-03-19,94.6,9.599999999999994,1,0,2022-11-22,1,2024-06-09,2.62,1,0
101274,Chris,Davis,SCH003,2023,2020-11-26,72.2,-12.799999999999997,0,0,2021-12-22,0,2022-06-05,,0,0
101282,Michael,Miller,SCH002,2023,2022-04-15,75.3,-9.700000000000003,0,0,2022-02-28,0,2024-01-21,,1,0
101298,Taylor,Moore,SCH002,2021,2021-12-08,99.7,14.700000000000003,1,1,2022-12-26,1,2024-02-03,2.66,0,0
101311,Daniel,Brown,SCH005,2023,2022-12-20,76.2,-8.799999999999997,0,0,2023-07-20,0,2022-02-06,,1,0
101332,Ashley,Taylor,SCH005,2023,2020-10-03,70.0,-15.0,0,0,2023-02-09,0,2021-09-22,,0,0
101341,Ashley,Davis,SCH003,2021,2023-05-07,82.9,-2.0999999999999943,0,0,2021-02-07,0,2023-08-21,,1,1
101345,Daniel,Garcia,SCH003,2022,2021-07-15,81.5,-3.5,0,0,2022-09-10,1,2022-01-06,2.18,1,1
101400,James,Miller,SCH002,2022,2020-11-06,83.1,-1.9000000000000057,0,0,2022-11-16,1,2024-06-08,2.58,1,1
101436,Sarah,Wilson,SCH001,2021,2021-08-06,69.9,-15.099999999999994,0,0,2022-04-12,0,2023-09-01,,0,0
101442,Michael,Wilson,SCH002,2021,2020-11-13,74.6,-10.400000000000006,0,0,2023-05-04,1,2022-05-11,2.27,0,0
101447,James,Johnson,SCH004,2021,2021-12-06,77.6,-7.400000000000006,0,0,2021-10-12,1,2022-08-10,2.48,1,0
101481,Maria,Anderson,SCH003,2022,2023-03-13,83.2,-1.7999999999999972,0,0,2023-08-23,1,2023-10-13,2.52,1,1
101500,Daniel,Taylor,SCH002,2022,2021-03-10,69.7,-15.299999999999997,0,0,2023-02-15,1,2023-10-05,1.98,0,0
101501,Daniel,Moore,SCH004,2021,2022-07-20,80.0,-5.0,0,0,2022-02-17,0,2021-11-01,,1,1
101512,James,Wilson,SCH003,2023,2023-05-10,76.2,-8.799999999999997,0,0,2022-08-22,0,2022-09-12,,1,0
101524,Taylor,Taylor,SCH001,2021,2021-03-13,67.2,-17.799999999999997,0,0,2021-08-18,1,2023-02-24,2.08,0,0
101529,Taylor,Brown,UNKNOWN,2023,2021-05-27,81.4,-3.5999999999999943,0,0,2022-06-23,0,2024-05-01,,1,1
101537,Chris,Miller,SCH004,2022,2021-12-01,85.4,0.4000000000000057,1,1,2023-07-24,1,2024-03-23,2.72,1,1
101554,Maria,Smith,SCH003,2022,2021-07-09,85.4,0.4000000000000057,1,1,2022-02-23,0,2022-03-26,,1,1
101563,Emily,Johnson,SCH001,2021,2022-09-23,72.2,-12.799999999999997,0,0,2022-10-27,0,2023-01-30,,0,0
101569,Emily,Johnson,SCH005,2022,2021-06-22,92.0,7.0,1,1,2022-12-18,0,2024-04-07,,1,0
101598,Emily,Smith,SCH004,2022,2021-04-12,85.9,0.9000000000000057,1,1,2021-10-22,0,2022-10-26,,1,1
101607,James,Moore,SCH001,2023,2022-09-12,84.7,-0.29999999999999716,0,1,2023-04-19,1,2022-08-16,1.91,1,1
101611,David,Miller,SCH005,2022,2022-11-18,68.1,-16.900000000000006,0,0,2022-06-25,1,2022-08-24,2.33,0,0
101641,James,Johnson,SCH005,2022,2023-01-21,84.3,-0.7000000000000028,0,0,2022-09-06,1,2023-03-04,2.69,1,1
101660,Chris,Wilson,SCH001,2021,2022-08-19,75.8,-9.200000000000003,0,0,2023-04-11,0,2021-08-30,,1,0
101662,Daniel,Moore,SCH004,2023,2021-04-12,77.7,-7.299999999999997,0,0,2023-05-28,0,2021-08-13,,1,0
101664,Ashley,Anderson,SCH001,2023,2021-04-07,74.6,-10.400000000000006,0,1,2021-07-04,1,2022-07-24,2.21,0,0
101694,Taylor,Taylor,SCH003,2023,2021-05-04,72.9,-12.099999999999994,0,0,2023-05-07,0,2024-01-08,,0,0
101746,Taylor,Davis,SCH004,2023,2021-07-04,87.5,2.5,1,1,2021-03-19,1,2021-09-07,2.4,1,1
101753,David,Johnson,SCH005,2022,2021-09-05,97.05852970951031,12.05852970951031,1,1,2021-02-09,1,2023-08-24,3.3,0,0
101761,Michael,Miller,SCH001,2022,2021-09-22,76.8,-8.200000000000003,0,0,2021-05-04,0,2023-05-20,,1,0
101792,David,Wilson,SCH004,2021,2021-03-09,84.3,-0.7000000000000028,0,0,2022-07-19,1,2021-11-03,2.67,1,1
101845,Ashley,Moore,SCH002,2021,2021-04-13,76.0,-9.0,0,0,2022-07-30,0,2022-06-24,,1,0
101852,Emily,Miller,SCH004,2023,2022-10-01,69.0,-16.0,0,0,2021-11-12,1,2022-12-04,3.22,0,0
101886,Maria,Moore,SCH005,2023,2020-10-10,74.8,-10.200000000000003,0,0,2021-11-07,0,2024-03-19,,0,0
101890,Ashley,Moore,SCH005,2022,2020-11-27,75.4,-9.599999999999994,0,0,2021-12-09,0,2023-02-25,,1,0
101895,Sarah,Wilson,SCH002,2023,2021-04-01,63.9,-21.1,0,0,2021-10-28,0,2022-10-26,,0,0
101913,Taylor,Moore,SCH005,2021,2020-10-16,74.5,-10.5,0,0,2023-03-08,0,2022-03-24,,0,0
101914,Daniel,Smith,SCH005,2023,2020-12-08,86.7,1.7000000000000028,1,1,2023-03-13,1,2022-06-21,2.87,1,1
101929,David,Moore,SCH002,2021,2022-04-20,79.7,-5.299999999999997,0,1,2022-10-27,1,2021-08-30,2.61,1,0
101993,Ashley,Johnson,SCH004,2021,2020-09-14,67.1,-17.900000000000006,0,0,2022-01-08,1,2022-04-10,1.79,0,0
100022,David,Smith,SCH004,2023,2021-01-18,73.3,-11.700000000000003,0,0,2023-08-08,0,2023-08-28,,0,0
100023,David,Miller,SCH005,2022,2022-06-22,67.1,-17.900000000000006,0,0,2021-03-16,0,2021-12-19,,0,0
100025,Ashley,Brown,SCH005,2023,2023-02-27,100.0,15.0,1,1,2023-07-25,0,2022-10-09,,0,0
100043,Chris,Miller,SCH003,2023,2023-03-21,76.3,-8.700000000000003,0,1,2022-09-22,0,2024-06-08,,1,0
100074,Sarah,Taylor,SCH003,2022,2022-10-20,96.4,11.400000000000006,1,0,2022-03-12,0,2023-07-15,,0,0
100097,Michael,Johnson,SCH005,2022,2020-10-30,92.6,7.599999999999994,1,1,,1,2022-06-20,2.74,1,0
100100,Emily,Moore,SCH002,2023,2022-11-30,71.0,-14.0,0,0,2023-03-04,1,2022-03-13,1.27,0,0
100120,Ashley,Brown,SCH002,2023,2020-10-15,65.8,-19.200000000000003,0,1,2022-11-30,0,2022-02-01,,0,0
100134,Ashley,Davis,SCH001,2023,2021-02-05,82.5,-2.5,0,0,2022-11-01,0,2024-06-01,,1,1
100147,David,Johnson,SCH003,2023,2023-03-25,81.8,-3.200000000000003,0,0,2022-07-05,0,2022-09-29,,1,1
100151,Michael,Wilson,SCH003,2021,2020-12-03,76.6,-8.400000000000006,0,1,2022-11-05,1,2023-07-20,2.29,1,0
100163,James,Wilson,SCH005,2021,2020-12-04,93.8,8.799999999999997,1,1,2023-04-25,0,2023-03-01,,1,0
100170,Ashley,Johnson,SCH005,2021,2021-08-27,52.1,-32.9,0,0,2022-08-19,1,2022-05-04,2.12,0,0
100178,Taylor,Brown,SCH004,2023,2023-03-15,78.5,-6.5,0,0,2021-05-06,0,2022-11-21,,1,0
100197,James,Anderson,SCH001,2021,2023-02-11,80.6,-4.400000000000006,0,0,2021-12-01,1,2022-05-17,1.88,1,1
100240,James,Garcia,SCH002,2021,2021-08-31,85.0,0.0,1,0,2022-09-23,1,2021-12-11,3.02,1,1
100245,Taylor,Davis,SCH002,2021,2022-08-07,76.8,-8.200000000000003,0,0,2023-07-21,0,2023-01-30,,1,0
100246,Sarah,Garcia,SCH005,2022,2021-10-26,86.85322881840852,1.8532288184085246,1,1,2022-03-13,0,2022-01-25,,1,1
100247,Sarah,Miller,SCH001,2023,2021-05-24,70.0,-15.0,0,1,2023-08-24,1,2022-09-29,2.18,0,0
100254,Maria,Smith,SCH001,2022,2021-04-07,72.35231776156043,-12.647682238439572,0,0,2023-04-02,1,2022-10-14,1.83,0,0
100279,Taylor,Brown,SCH002,2021,2021-04-30,89.3,4.299999999999997,1,1,2021-04-15,0,2023-03-15,,1,1
100298,Sarah,Wilson,SCH001,2022,2022-11-16,69.5,-15.5,0,0,2022-09-10,1,2023-06-03,3.1,0,0
100331,David,Brown,SCH003,2021,2023-05-30,90.0,5.0,1,1,2021-11-01,1,2023-02-21,2.66,1,1
100345,Sarah,Miller,SCH005,2022,2022-09-16,81.1,-3.9000000000000057,0,0,2022-08-05,0,2024-02-13,,1,1
100357,Daniel,Garcia,SCH003,2023,2021-06-15,68.5,-16.5,0,1,2022-04-21,1,2024-03-30,2.15,0,0
100366,James,Davis,SCH002,2021,2022-03-17,74.2,-10.799999999999997,0,0,2023-03-11,1,2024-06-27,3.1,0,0
100386,Daniel,Miller,SCH002,2022,2021-10-16,77.2,-7.799999999999997,0,0,2022-04-27,1,2024-03-05,1.77,1,0
100396,Taylor,Smith,SCH003,2021,2021-01-11,77.2,-7.799999999999997,0,0,2022-09-05,1,2021-10-16,2.63,1,0
100434,David,Miller,SCH004,2022,2022-10-29,100.0,15.0,1,1,2022-11-18,0,,,0,0
100440,Taylor,Taylor,SCH004,2022,2021-01-02,83.2,-1.7999999999999972,0,0,2023-01-12,1,2023-03-31,2.68,1,1
100482,Sarah,Moore,SCH004,2021,2021-12-15,69.36316457299161,-15.636835427008393,0,0,2021-12-02,0,2022-10-22,,0,0
100486,Sarah,Johnson,SCH001,2023,2020-09-25,76.5,-8.5,0,0,2021-09-26,0,2023-10-29,,1,0
100503,Ashley,Johnson,SCH001,2022,2021-06-19,79.6,-5.400000000000006,0,0,2021-06-05,0,2022-03-31,,1,0
100504,James,Taylor,SCH001,2022,2021-09-06,81.23782982927274,-3.7621701707272592,0,0,2021-01-24,0,2024-02-11,,1,1
100529,Sarah,Davis,SCH002,2021,2021-08-14,92.9,7.900000000000006,1,1,2022-06-11,1,2021-12-01,3.1,1,0
100530,Chris,Garcia,SCH005,2022,2021-12-04,86.5,1.5,1,1,2023-01-13,0,2022-05-06,,1,1
100543,Taylor,Moore,SCH001,2021,2022-10-29,81.6707937184254,-3.3292062815745993,0,0,2022-02-14,0,2023-04-12,,1,1
100592,Chris,Anderson,SCH003,2022,2021-06-17,100.0,15.0,1,1,2021-03-10,1,2022-09-01,3.04,0,0
100601,Maria,Davis,SCH002,2022,2023-05-13,76.7,-8.299999999999997,0,0,2022-02-16,1,2023-04-28,2.05,1,0
100699,Maria,Moore,SCH002,2022,2023-01-20,82.0,-3.0,0,0,2021-07-27,1,2023-08-13,2.71,1,1
100726,David,Taylor,SCH001,2022,2021-08-18,67.5,-17.5,0,0,2023-08-13,0,2022-07-03,,0,0
100749,Sarah,Taylor,SCH003,2022,2021-03-30,66.2,-18.799999999999997,0,0,2022-03-03,1,2023-10-29,2.0,0,0
100754,Emily,Taylor,SCH002,2023,2023-01-09,82.5,-2.5,0,0,2021-09-06,0,2023-08-05,,1,1
100761,David,Garcia,SCH002,2022,2023-05-25,71.2,-13.799999999999997,0,0,2022-08-23,0,2022-09-30,,0,0
100766,Sarah,Anderson,SCH002,2023,2021-11-25,71.5,-13.5,0,1,2023-07-21,1,2023-06-01,2.3,0,0
100773,Taylor,Smith,SCH005,2021,2020-11-10,81.0,-4.0,0,0,2022-07-26,1,2022-04-23,3.58,1,1
100787,Chris,Brown,SCH005,2021,2021-04-07,65.1,-19.900000000000006,0,0,2022-01-04,0,2022-03-28,,0,0
100827,Emily,Smith,SCH002,2023,2022-08-17,95.40900287170459,10.409002871704587,1,1,2021-07-19,1,2022-02-24,3.51,0,0
100831,James,Miller,SCH001,2022,2021-02-08,80.9,-4.099999999999994,0,0,2022-09-21,1,2023-04-01,2.14,1,1
100837,Daniel,Anderson,SCH005,2023,2021-11-12,75.9,-9.099999999999994,0,0,2023-01-07,1,2023-10-04,2.47,1,0
100844,Daniel,Miller,SCH001,2022,2022-04-25,60.7,-24.299999999999997,0,0,2021-10-08,1,2023-09-13,2.0,0,0
100845,Michael,Anderson,SCH003,2022,2022-09-24,81.3,-3.700000000000003,0,0,2021-05-11,0,2022-11-22,,1,1
100848,Daniel,Johnson,SCH003,2021,2021-10-03,86.3,1.2999999999999972,1,1,2022-08-23,1,2022-07-05,3.56,1,1
100871,Daniel,Anderson,SCH004,2023,2020-09-06,82.3,-2.700000000000003,0,0,2021-09-22,0,2024-08-28,,1,1
100940,Maria,Johnson,SCH003,2023,2020-10-30,67.7,-17.299999999999997,0,0,2022-07-07,0,2022-08-06,,0,0
100947,Chris,Garcia,SCH002,2021,2023-03-18,91.0,6.0,1,1,2021-08-08,0,2024-03-19,,1,0
100953,Chris,Garcia,SCH002,2021,2022-08-16,69.6,-15.400000000000006,0,0,2022-01-23,0,2022-01-19,,0,0
100954,Daniel,Moore,SCH005,2021,2021-01-31,80.3,-4.700000000000003,0,1,2023-04-27,0,2021-11-13,,1,1
100965,Chris,Brown,SCH001,2022,2021-05-29,72.2,-12.799999999999997,0,0,2023-05-26,1,2022-11-13,2.05,0,0
100985,Michael,Moore,SCH002,2021,2021-04-03,81.8,-3.200000000000003,0,0,2023-05-31,0,2022-06-08,,1,1
100990,Taylor,Moore,SCH002,2023,2021-03-08,71.7,-13.299999999999997,0,0,2023-07-31,1,2022-07-20,2.66,0,0
100997,Chris,Anderson,SCH001,2023,2022-12-24,75.3,-9.700000000000003,0,0,2021-07-02,0,2024-02-26,,1,0
101010,Ashley,Wilson,SCH004,2023,2020-12-12,73.4,-11.599999999999994,0,0,2023-03-14,0,2024-08-09,,0,0
101018,Michael,Smith,SCH004,2022,2022-11-17,58.88488051873925,-26.11511948126075,0,0,2021-03-06,0,2023-04-22,,0,0
101023,David,Smith,SCH005,2023,2021-01-03,80.9,-4.099999999999994,0,0,2021-01-10,1,2023-01-19,2.03,1,1
101068,Maria,Davis,SCH001,2022,2022-08-29,69.0,-16.0,0,0,2023-07-30,0,2022-05-01,,0,0
101082,Taylor,Davis,SCH003,2022,2020-11-10,92.8,7.799999999999997,1,0,2022-04-25,0,2022-08-31,,1,0
101101,Emily,Anderson,SCH002,2022,2021-11-18,76.0,-9.0,0,0,2021-07-19,0,2023-06-16,,1,0
101137,Maria,Brown,SCH002,2023,2021-09-06,89.6,4.599999999999994,1,1,2021-12-02,1,2023-05-31,2.06,1,1
101153,Taylor,Brown,SCH005,2021,2023-03-31,77.5,-7.5,0,0,2021-07-28,1,2021-08-10,2.16,1,0
101155,James,Garcia,SCH005,2023,2020-09-11,74.6,-10.400000000000006,0,0,2023-08-14,0,2021-08-06,,0,0
101219,Emily,Taylor,SCH003,2021,2021-06-01,82.1,-2.9000000000000057,0,0,2022-04-24,1,2023-04-17,2.75,1,1
101238,Chris,Wilson,SCH005,2023,2022-04-21,82.6,-2.4000000000000057,0,0,2023-03-20,1,2022-02-06,2.16,1,1
101257,Emily,Taylor,SCH005,2022,2021-03-24,82.2,-2.799999999999997,0,0,2021-03-30,0,2024-01-17,,1,1
101261,Emily,Davis,SCH003,2022,2020-11-07,89.1,4.099999999999994,1,0,2022-12-28,0,2021-11-18,,1,1
101265,David,Smith,SCH001,2023,2020-12-14,88.1,3.0999999999999943,1,1,2022-05-12,0,2023-08-03,,1,1
101273,Taylor,Brown,SCH003,2022,2021-04-03,67.9,-17.099999999999994,0,0,2023-01-11,0,2023-05-16,,0,0
101279,David,Davis,SCH005,2022,2022-08-03,94.6,9.599999999999994,1,1,2023-01-07,1,2023-04-26,3.13,1,0
101288,David,Garcia,SCH003,2022,2022-02-17,90.6,5.599999999999994,1,1,2021-07-04,1,2023-08-14,2.99,1,0
101314,David,Wilson,SCH003,2023,2022-05-08,64.9,-20.099999999999994,0,0,2022-02-08,0,2022-10-14,,0,0
101317,Ashley,Taylor,SCH004,2023,2021-06-11,61.57863485464085,-23.421365145359147,0,0,2021-09-24,1,2024-03-04,1.42,0,0
101327,Maria,Anderson,UNKNOWN,2023,2022-04-01,57.9,-27.1,0,0,2021-08-27,0,2023-12-20,,0,0
101328,Ashley,Davis,SCH005,2021,2021-09-22,90.3,5.299999999999997,1,0,2023-03-06,0,2021-09-05,,1,0
101339,Emily,Moore,SCH002,2023,2022-05-29,83.7,-1.2999999999999972,0,0,2021-05-19,0,2023-03-12,,1,1
101340,James,Taylor,SCH005,2022,2021-02-18,77.9,-7.099999999999994,0,0,2022-08-09,0,2023-02-24,,1,0
101385,Chris,Moore,SCH004,2022,2022-11-18,69.5,-15.5,0,0,2021-04-15,0,2023-03-13,,0,0
101407,Daniel,Miller,SCH004,2022,2022-10-05,68.0,-17.0,0,1,2023-02-09,0,2022-06-22,,0,0
101420,Taylor,Wilson,SCH005,2023,2022-06-20,82.5,-2.5,0,0,2021-01-16,0,2023-04-23,,1,1
101421,Michael,Wilson,SCH003,2023,2022-09-08,86.7,1.7000000000000028,1,1,2021-03-28,1,2023-11-05,1.75,1,1
101448,Daniel,Miller,SCH005,2021,2022-11-30,80.4,-4.599999999999994,0,0,2022-03-21,0,2023-04-03,,1,1
101462,David,Miller,SCH005,2022,2022-01-25,76.9,-8.099999999999994,0,0,2023-06-29,1,2022-04-26,1.55,1,0
101465,Ashley,Johnson,SCH005,2021,2023-03-26,90.2,5.200000000000003,1,1,2023-05-29,0,2023-12-28,,1,0
101471,Ashley,Johnson,SCH004,2021,2021-04-02,85.1,0.09999999999999432,1,1,2021-11-28,1,2023-10-19,3.06,1,1
101472,Maria,Davis,SCH002,2021,2021-11-28,90.9,5.900000000000006,1,1,2023-03-03,0,2021-11-10,,1,0
101485,Chris,Davis,SCH002,2022,2021-09-12,73.4,-11.599999999999994,0,1,2022-04-03,0,2022-08-28,,0,0
101495,James,Anderson,SCH002,2022,2021-02-06,92.8,7.799999999999997,1,1,2023-02-12,1,2023-08-02,3.67,1,0
101497,Sarah,Johnson,SCH005,2021,2020-12-11,83.5,-1.5,0,0,2021-06-26,0,2024-04-07,,1,1
101562,Chris,Davis,SCH003,2022,2021-04-07,75.6,-9.400000000000006,0,0,2021-02-28,0,2022-11-16,,1,0
101592,David,Garcia,SCH005,2022,2023-05-27,82.4,-2.5999999999999943,0,0,,1,,2.58,1,1
101603,Sarah,Miller,SCH003,2021,2021-04-04,69.8,-15.200000000000003,0,0,2022-07-21,0,2022-03-06,,0,0
101618,Taylor,Taylor,SCH004,2022,2021-07-08,96.17154633611713,11.171546336117132,1,1,2022-07-02,0,2023-07-16,,0,0
101635,James,Brown,SCH002,2023,2021-12-01,79.9,-5.099999999999994,0,0,2023-05-07,0,2023-09-05,,1,0
101657,Chris,Wilson,SCH002,2021,2020-10-21,73.9,-11.099999999999994,0,0,2021-01-05,1,2023-02-19,1.84,0,0
101700,Daniel,Johnson,SCH002,2023,2022-02-09,99.2,14.200000000000003,1,1,2021-04-19,1,2022-06-18,3.44,0,0
101715,Maria,Smith,SCH005,2022,2021-09-21,78.7,-6.299999999999997,0,0,2021-05-04,1,2023-04-04,2.44,1,0
101718,Maria,Miller,SCH005,2023,2021-01-17,70.3,-14.700000000000003,0,0,2022-11-02,0,2024-02-22,,0,0
101732,David,Davis,SCH003,2023,2022-06-27,84.3,-0.7000000000000028,0,0,2022-08-11,0,2024-04-21,,1,1
101738,Maria,Taylor,SCH001,2021,2022-01-24,77.13477123074611,-7.865228769253889,0,0,2021-11-23,0,2023-06-09,,1,0
101757,Daniel,Miller,SCH001,2023,2022-03-10,89.6,4.599999999999994,1,1,2023-06-15,1,2023-10-24,2.65,1,1
101759,Ashley,Smith,SCH001,2021,2021-11-01,71.9,-13.099999999999994,0,0,2022-06-22,0,2024-08-19,,0,0
101762,Emily,Garcia,SCH001,2022,2021-10-10,68.2,-16.799999999999997,0,0,2022-07-14,0,2023-05-26,,0,0
101771,Chris,Anderson,SCH001,2021,2021-10-03,94.8,9.799999999999997,1,1,2022-07-04,1,2023-10-18,4.0,1,0
101776,Michael,Garcia,SCH005,2022,2022-12-03,90.8,5.799999999999997,1,1,2021-05-05,0,2023-09-04,,1,0
101782,Maria,Johnson,SCH003,2022,2022-05-13,57.2,-27.799999999999997,0,0,2022-10-30,1,2024-05-26,2.65,0,0
101800,Maria,Taylor,SCH004,2022,2022-10-11,69.4,-15.599999999999994,0,0,2022-10-23,0,2021-11-04,,0,0
101844,Emily,Moore,SCH005,2022,2021-09-27,89.5,4.5,1,0,2022-10-11,0,2022-05-02,,1,1
101846,Emily,Brown,UNKNOWN,2021,2023-07-28,65.38322728540543,-19.616772714594575,0,0,2021-02-21,0,2023-11-28,,0,0
101856,Emily,Smith,SCH005,2023,2022-12-09,56.8,-28.200000000000003,0,0,2022-04-23,0,2022-07-05,,0,0
101872,Michael,Taylor,SCH005,2023,2020-11-18,85.3,0.29999999999999716,1,1,2022-06-23,1,2022-02-22,3.12,1,1
101894,Ashley,Wilson,SCH002,2021,2020-12-15,86.7,1.7000000000000028,1,1,2021-09-18,1,2022-03-23,2.9,1,1
101933,Sarah,Taylor,SCH005,2023,2021-11-12,71.3,-13.700000000000003,0,1,2022-04-19,1,2022-12-09,2.75,0,0
101956,James,Smith,SCH001,2021,2023-02-21,59.9,-25.1,0,0,2021-03-03,0,2023-08-24,,0,0
101980,David,Brown,SCH005,2023,2021-09-28,77.2,-7.799999999999997,0,0,2021-02-13,0,2024-02-11,,1,0
101985,James,Smith,SCH004,2022,2022-01-26,100.0,15.0,1,1,2021-01-14,1,2021-09-20,2.87,0,0
101990,James,Brown,SCH003,2022,2023-03-25,82.3,-2.700000000000003,0,0,2023-01-26,0,2024-02-28,,1,1
100046,James,Wilson,SCH004,2023,2022-04-12,78.6,-6.400000000000006,0,0,2021-07-20,1,2023-07-28,2.42,1,0
100055,David,Johnson,SCH004,2021,2022-07-05,93.9,8.900000000000006,1,1,2022-08-07,1,2021-11-08,2.13,1,0
100064,Daniel,Moore,SCH004,2022,2022-06-11,89.4,4.400000000000006,1,1,2022-09-10,0,2021-12-29,,1,1
100068,Sarah,Wilson,SCH003,2023,2022-09-19,73.7,-11.299999999999997,0,0,2023-08-18,0,2024-04-05,,0,0
100118,Maria,Taylor,SCH005,2022,2023-02-17,75.5,-9.5,0,0,2023-03-16,1,2022-04-30,1.93,1,0
100141,Sarah,Moore,SCH005,2022,2021-09-04,93.4348534111556,8.4348534111556,1,1,2022-08-18,0,2024-06-30,,1,0
100152,Chris,Brown,SCH004,2023,2023-01-22,85.8,0.7999999999999972,1,1,2021-05-20,0,2022-02-14,,1,1
100165,Daniel,Brown,SCH004,2022,2021-11-04,78.5,-6.5,0,0,2021-05-10,1,2023-09-04,1.99,1,0
100182,Emily,Anderson,SCH004,2021,2022-02-27,77.5,-7.5,0,0,2022-01-07,0,2024-01-24,,1,0
100183,Ashley,Miller,SCH002,2023,2020-11-09,67.1,-17.900000000000006,0,0,2021-12-12,0,2022-02-17,,0,0
100236,Daniel,Wilson,SCH001,2022,2022-07-31,57.6,-27.4,0,0,2022-03-25,0,2021-09-14,,0,0
100243,Maria,Wilson,SCH001,2023,2021-08-01,63.3,-21.700000000000003,0,0,2022-09-16,0,2021-09-25,,0,0
100252,Maria,Garcia,SCH002,2023,2021-05-06,91.1,6.099999999999994,1,1,,1,2022-09-07,2.55,1,0
100339,David,Johnson,SCH004,2021,2021-11-04,78.1,-6.900000000000006,0,0,2022-01-19,1,2022-06-06,3.15,1,0
100347,James,Miller,SCH004,2021,2023-05-25,74.5,-10.5,0,0,2022-08-18,1,2022-04-16,2.48,0,0
100359,Chris,Brown,SCH005,2022,2022-10-29,70.1,-14.900000000000006,0,1,2022-12-31,1,2023-01-02,2.23,0,0
100389,Maria,Johnson,SCH005,2022,2023-03-17,85.1,0.09999999999999432,1,1,2022-01-30,1,2023-02-10,3.52,1,1
100400,Chris,Smith,SCH001,2022,2022-10-10,100.0,15.0,1,1,2023-07-08,1,2021-08-12,3.44,0,0
100420,Ashley,Johnson,SCH003,2021,2022-05-12,86.4,1.4000000000000057,1,1,2022-08-30,1,2023-01-09,3.3,1,1
100448,Emily,Davis,SCH005,2022,2020-10-29,68.6,-16.400000000000006,0,1,2023-08-03,1,2022-12-31,2.62,0,0
100451,Daniel,Taylor,SCH002,2023,2023-01-01,79.4,-5.599999999999994,0,1,2021-03-25,0,2022-04-03,,1,0
100464,Sarah,Moore,SCH004,2023,2021-09-21,84.3,-0.7000000000000028,0,0,2022-08-31,1,2023-10-05,3.16,1,1
100493,Taylor,Smith,SCH001,2022,2022-06-20,64.1,-20.900000000000006,0,0,2021-06-11,0,2022-07-07,,0,0
100546,Daniel,Garcia,SCH004,2021,2022-12-07,89.1,4.099999999999994,1,1,2022-05-15,1,2022-04-22,3.55,1,1
100549,Michael,Brown,SCH004,2021,2021-09-14,73.7,-11.299999999999997,0,1,2021-07-12,1,2023-04-03,2.81,0,0
100561,David,Brown,SCH001,2023,2022-06-09,72.0,-13.0,0,0,2022-08-27,0,2024-05-05,,0,0
100573,Daniel,Smith,SCH003,2023,2020-09-11,72.2,-12.799999999999997,0,0,2023-01-16,0,2024-03-18,,0,0
100578,Ashley,Wilson,SCH003,2023,2022-01-20,56.3,-28.700000000000003,0,0,2022-02-28,0,2023-08-20,,0,0
100591,Michael,Johnson,SCH004,2021,2021-05-19,80.04972497558722,-4.950275024412775,0,0,2021-06-15,0,2023-09-12,,1,1
100614,James,Johnson,SCH003,2021,2021-06-25,91.8,6.799999999999997,1,1,2022-05-31,0,2024-03-09,,1,0
100638,Ashley,Taylor,SCH004,2023,2021-06-18,83.6,-1.4000000000000057,0,0,2021-01-22,1,2022-01-06,1.91,1,1
100640,Emily,Wilson,SCH004,2021,2022-05-20,82.8,-2.200000000000003,0,0,2023-01-05,1,2024-03-28,,1,1
100643,David,Garcia,SCH004,2021,2020-12-17,84.0,-1.0,0,0,2023-07-06,0,2024-06-08,,1,1
100670,Maria,Wilson,SCH001,2022,2021-05-08,63.9,-21.1,0,0,2021-11-20,0,2023-01-13,,0,0
100675,Taylor,Wilson,SCH001,2022,2023-02-09,80.1,-4.900000000000006,0,0,2021-01-18,0,2024-02-15,,1,1
100689,Michael,Moore,SCH001,2022,2022-02-24,65.0,-20.0,0,0,2021-02-08,0,2022-04-28,,0,0
100712,Daniel,Anderson,SCH001,2023,2022-08-25,81.4,-3.5999999999999943,0,0,2022-10-04,1,2023-10-19,2.36,1,1
100720,Chris,Davis,SCH004,2021,2021-08-19,83.38244815120694,-1.617551848793056,0,0,2022-02-05,1,2023-07-02,2.29,1,1
100756,Emily,Anderson,SCH004,2021,2020-11-28,78.8,-6.200000000000003,0,0,2022-03-01,0,2024-05-08,,1,0
100771,David,Moore,SCH004,2022,2021-02-06,78.9,-6.099999999999994,0,1,2023-02-18,0,2023-04-22,,1,0
100783,David,Garcia,SCH004,2022,2021-04-19,62.7,-22.299999999999997,0,0,2021-10-10,0,2024-03-15,,0,0
100791,James,Brown,SCH001,2023,2021-07-15,80.9,-4.099999999999994,0,1,2023-07-27,0,2024-05-04,,1,1
100797,Ashley,Garcia,SCH003,2023,2021-10-03,63.45881986210547,-21.54118013789453,0,1,2022-10-03,1,2023-11-29,1.85,0,0
100803,Chris,Moore,SCH003,2022,2023-05-30,60.6,-24.4,0,0,2023-02-21,1,2022-06-12,2.41,0,0
100810,Maria,Brown,SCH005,2022,2022-01-27,100.0,15.0,1,1,2022-02-14,0,2024-04-18,,0,0
100812,Ashley,Smith,SCH002,2021,2021-01-17,89.4,4.400000000000006,1,1,2023-08-18,1,2022-03-22,2.72,1,1
100854,James,Brown,SCH003,2023,2022-05-16,76.9,-8.099999999999994,0,0,2022-06-11,0,2024-02-24,,1,0
100882,Taylor,Wilson,SCH004,2022,2023-03-02,83.0,-2.0,0,0,2021-02-12,0,2024-04-13,,1,1
100902,Taylor,Anderson,SCH001,2023,2021-03-01,88.9,3.9000000000000057,1,1,2021-10-28,1,2024-05-24,2.69,1,1
100923,Michael,Brown,SCH001,2022,2021-04-16,90.3,5.299999999999997,1,0,2021-12-22,0,2023-05-05,,1,0
100926,James,Wilson,SCH004,2021,2022-10-12,78.0,-7.0,0,1,2023-08-07,0,2024-01-14,,1,0
100929,Maria,Garcia,SCH002,2023,2021-02-05,73.3,-11.700000000000003,0,1,2022-08-11,0,2023-11-01,,0,0
100937,Daniel,Johnson,SCH004,2023,2021-11-14,86.3,1.2999999999999972,1,1,2022-03-02,1,2023-06-27,2.99,1,1
100945,James,Miller,SCH005,2022,2022-10-15,63.6,-21.4,0,0,2022-12-25,0,2024-06-09,,0,0
100946,Emily,Brown,SCH005,2021,2022-09-13,66.2,-18.799999999999997,0,0,2022-06-21,1,2024-06-01,1.34,0,0
101013,David,Johnson,SCH003,2021,2021-08-19,74.8,-10.200000000000003,0,0,2022-08-13,0,2023-04-17,,0,0
101035,Taylor,Garcia,SCH005,2022,2023-03-05,87.5,2.5,1,1,2023-06-21,1,2023-12-29,2.62,1,1
101042,Maria,Brown,SCH002,2021,2023-03-05,72.8,-12.200000000000003,0,0,,1,2022-07-27,2.78,0,0
101065,Daniel,Taylor,SCH002,2022,2021-06-02,76.1,-8.900000000000006,0,0,2022-01-24,1,2022-06-30,2.74,1,0
101090,Emily,Moore,SCH005,2023,2020-11-07,67.87751550893591,-17.122484491064085,0,0,2022-12-11,0,2022-09-04,,0,0
101121,Ashley,Miller,SCH001,2023,2022-09-26,60.3,-24.700000000000003,0,0,2021-06-30,0,2022-08-23,,0,0
101139,Chris,Taylor,SCH003,2022,2021-11-17,68.7,-16.299999999999997,0,0,2022-11-08,0,2024-01-16,,0,0
101146,Maria,Garcia,SCH005,2022,2021-07-02,72.8,-12.200000000000003,0,0,2023-06-03,0,2023-03-13,,0,0
101163,Ashley,Davis,SCH004,2022,2021-08-09,74.8,-10.200000000000003,0,0,2022-02-12,0,2023-09-02,,0,0
101177,James,Brown,SCH004,2022,2022-11-03,78.29315010394768,-6.706849896052319,0,0,2023-08-11,1,2022-07-28,2.48,1,0
101192,Daniel,Garcia,SCH004,2021,2021-04-24,72.3,-12.700000000000003,0,1,2022-01-22,1,2022-11-27,1.8,0,0
101193,Ashley,Davis,SCH003,2023,2021-03-25,85.5,0.5,1,1,2022-11-03,0,2023-02-16,,1,1
101202,Maria,Brown,SCH004,2021,2023-05-20,74.3,-10.700000000000003,0,0,2021-11-16,0,2022-03-01,,0,0
101236,Sarah,Smith,SCH005,2022,2022-03-16,78.50817074953386,-6.4918292504661395,0,1,2023-01-05,1,2024-07-15,2.01,1,0
101245,Maria,Smith,SCH003,2023,2022-03-15,83.3,-1.7000000000000028,0,0,2023-06-22,0,2021-12-03,,1,1
101247,Chris,Smith,SCH002,2021,2022-01-08,64.5,-20.5,0,0,2022-01-27,0,2022-06-02,,0,0
101277,Ashley,Anderson,SCH003,2022,2020-10-27,81.0,-4.0,0,0,2021-03-11,0,2022-02-23,,1,1
101300,Michael,Johnson,SCH002,2023,2023-02-28,70.2,-14.799999999999997,0,0,2022-03-07,1,2023-06-11,2.3,0,0
101302,Chris,Smith,SCH003,2023,2021-09-18,84.1,-0.9000000000000057,0,0,2023-01-23,0,2023-08-22,,1,1
101321,David,Brown,SCH002,2022,2021-03-13,68.7,-16.299999999999997,0,0,2021-04-14,0,2024-05-21,,0,0
101322,Ashley,Wilson,SCH005,2021,2022-01-23,80.3,-4.700000000000003,0,1,2021-09-12,1,2022-07-01,2.72,1,1
101374,David,Johnson,SCH005,2021,2022-11-12,66.1,-18.900000000000006,0,0,,0,2022-04-04,,0,0
101405,Daniel,Anderson,SCH001,2021,2022-01-08,80.3,-4.700000000000003,0,0,2021-06-09,1,2022-01-03,2.41,1,1
101426,Chris,Moore,SCH003,2023,2021-08-10,61.8,-23.200000000000003,0,0,2021-12-08,0,2024-01-23,,0,0
101429,Ashley,Anderson,SCH003,2021,2021-11-25,92.9,7.900000000000006,1,1,2021-10-18,1,2024-01-15,2.91,1,0
101432,Ashley,Taylor,SCH004,2021,2020-11-12,86.6,1.5999999999999943,1,0,2021-01-25,0,2023-11-12,,1,1
101446,Chris,Brown,SCH003,2023,2023-03-14,78.0,-7.0,0,0,2023-01-01,0,2022-07-22,,1,0
101449,Taylor,Taylor,SCH002,2023,2022-07-25,67.1,-17.900000000000006,0,0,2023-01-18,0,2023-04-14,,0,0
101493,James,Davis,UNKNOWN,2021,2021-12-12,83.6,-1.4000000000000057,0,0,2022-02-18,1,2021-10-11,2.78,1,1
101506,Taylor,Taylor,SCH005,2022,2021-09-08,82.3,-2.700000000000003,0,0,2022-07-01,0,2023-06-05,,1,1
101520,David,Garcia,SCH003,2022,2022-01-06,87.0,2.0,1,1,2022-04-30,0,2023-03-16,,1,1
101542,Sarah,Smith,SCH004,2023,2023-01-27,69.4,-15.599999999999994,0,0,2023-07-20,0,,,0,0
101556,Maria,Garcia,SCH004,2022,2021-07-15,89.3,4.299999999999997,1,1,2021-05-04,0,2022-04-14,,1,1
101559,Sarah,Moore,SCH005,2021,2022-04-21,62.6,-22.4,0,0,2021-06-09,0,2023-10-11,,0,0
101570,Michael,Johnson,SCH003,2021,2021-07-06,84.9,-0.09999999999999432,0,1,2022-11-23,1,,3.38,1,1
101572,Michael,Wilson,SCH002,2023,2022-08-16,78.7,-6.299999999999997,0,0,2022-08-20,0,2023-12-25,,1,0
101584,Maria,Davis,SCH003,2023,2021-10-19,75.7,-9.299999999999997,0,0,2022-11-14,1,2021-08-12,2.5,1,0
101597,Daniel,Davis,SCH001,2021,2021-10-24,86.4,1.4000000000000057,1,1,2021-10-06,1,2022-03-27,2.91,1,1
101621,Ashley,Miller,SCH005,2021,2021-11-12,97.8,12.799999999999997,1,1,2021-03-30,0,2023-09-04,,0,0
101631,Michael,Moore,SCH004,2022,2023-03-23,85.9,0.9000000000000057,1,1,2021-03-23,0,2021-10-24,,1,1
101642,Maria,Taylor,SCH005,2022,2023-01-09,89.1,4.099999999999994,1,1,2022-10-07,1,2023-12-23,2.57,1,1
101646,Maria,Brown,SCH004,2023,2021-08-11,82.9,-2.0999999999999943,0,0,2022-05-30,0,2024-08-10,,1,1
101685,Chris,Brown,SCH005,2022,2021-07-17,84.33149485406369,-0.668505145936308,0,0,2023-07-09,0,,,1,1
101698,James,Moore,SCH003,2022,2021-05-02,79.2,-5.799999999999997,0,1,2023-03-15,1,2023-07-02,2.4,1,0
101704,Sarah,Davis,SCH001,2021,2021-02-16,70.2,-14.799999999999997,0,1,2022-05-27,0,2022-02-06,,0,0
101714,Ashley,Brown,SCH001,2022,2020-09-27,74.7,-10.299999999999997,0,0,2021-07-31,1,2024-03-03,0.99,0,0
101801,Michael,Wilson,SCH001,2022,2021-05-06,70.0,-15.0,0,0,2021-06-08,0,2024-06-13,,0,0
101803,Michael,Wilson,SCH002,2022,2022-07-17,77.3,-7.700000000000003,0,0,2023-01-03,0,2021-12-10,,1,0
101822,Taylor,Moore,SCH004,2021,2022-07-01,75.7,-9.299999999999997,0,0,2021-08-27,1,2023-03-31,1.93,1,0
101866,Sarah,Davis,SCH004,2021,2021-10-24,72.6,-12.400000000000006,0,0,2023-07-10,0,2023-07-09,,0,0
101878,Maria,Miller,SCH005,2022,2020-12-18,77.85034250193755,-7.149657498062453,0,0,2022-09-05,0,2024-06-25,,1,0
101885,Maria,Miller,SCH003,2022,2022-10-20,65.1,-19.900000000000006,0,1,2021-01-23,0,2023-08-17,,0,0
101902,Ashley,Taylor,SCH001,2023,2023-05-17,77.3,-7.700000000000003,0,0,2022-05-30,0,,,1,0
101921,Emily,Smith,SCH001,2021,2023-04-08,69.2,-15.799999999999997,0,0,,1,2024-03-13,2.42,0,0
101947,Michael,Smith,SCH001,2022,2021-07-05,81.6,-3.4000000000000057,0,0,2022-04-26,1,2022-03-14,2.45,1,1
101952,Ashley,Smith,SCH003,2022,2023-03-21,83.8,-1.2000000000000028,0,0,2022-04-12,0,2023-10-04,,1,1
101968,Daniel,Johnson,SCH001,2023,2022-08-01,72.8,-12.200000000000003,0,0,2023-03-13,0,2022-04-27,,0,0
101982,David,Miller,SCH005,2021,2023-03-10,87.7,2.700000000000003,1,1,2023-06-26,1,2024-06-21,2.11,1,1
101987,James,Garcia,SCH003,2021,2021-11-10,88.8,3.799999999999997,1,1,2021-02-11,1,2022-02-19,3.08,1,1
100026,Sarah,Brown,SCH001,2023,2021-11-04,81.1,-3.9000000000000057,0,0,2023-04-15,0,2021-11-11,,1,1
100029,Chris,Davis,SCH001,2021,2021-10-11,79.0,-6.0,0,0,2021-12-22,1,2022-01-13,2.22,1,0
100044,Daniel,Garcia,SCH003,2023,2022-02-01,100.0,15.0,1,1,2022-04-08,0,2022-01-12,,0,0
100051,David,Anderson,SCH002,2021,2022-11-20,67.3,-17.700000000000003,0,0,2021-08-20,0,2023-08-01,,0,0
100072,Taylor,Brown,SCH003,2022,2022-09-18,69.2,-15.799999999999997,0,0,2022-12-06,0,2023-02-09,,0,0
100078,Sarah,Miller,SCH003,2021,2021-04-06,72.2,-12.799999999999997,0,0,2021-06-18,0,2022-05-31,,0,0
100106,Emily,Taylor,SCH002,2022,2022-12-11,77.2,-7.799999999999997,0,0,2023-01-21,0,2022-11-22,,1,0
100108,Sarah,Wilson,SCH003,2021,2022-05-05,77.5,-7.5,0,0,2021-02-24,1,2022-09-19,1.63,1,0
100154,Daniel,Wilson,SCH002,2021,2022-07-31,87.8,2.799999999999997,1,0,2021-01-01,1,2023-07-26,2.87,1,1
100159,Sarah,Smith,SCH003,2022,2021-10-22,83.1,-1.9000000000000057,0,0,2023-03-23,0,2024-07-02,,1,1
100161,Taylor,Smith,SCH005,2021,2021-07-03,63.2,-21.799999999999997,0,1,2022-10-30,0,2024-02-29,,0,0
100166,Sarah,Brown,SCH002,2022,2021-09-13,77.4,-7.599999999999994,0,0,2021-12-24,1,2022-09-09,1.9,1,0
100190,David,Brown,SCH001,2021,2021-08-07,89.1,4.099999999999994,1,1,2023-06-14,1,2023-09-08,3.59,1,1
100217,Taylor,Garcia,SCH002,2022,2021-12-15,80.6,-4.400000000000006,0,0,2022-04-02,1,2024-07-19,2.89,1,1
100232,Sarah,Davis,SCH003,2023,2020-12-06,82.6,-2.4000000000000057,0,0,2022-02-19,0,2024-03-25,,1,1
100258,Maria,Garcia,SCH003,2021,2020-11-19,59.7,-25.299999999999997,0,0,2021-03-28,0,2023-07-10,,0,0
100269,Sarah,Davis,SCH003,2021,2022-05-13,68.3,-16.700000000000003,0,0,2023-07-14,0,2022-01-10,,0,0
100275,Taylor,Smith,SCH001,2023,2021-01-14,72.0,-13.0,0,0,2023-06-15,0,2024-05-10,,0,0
100276,Maria,Wilson,SCH002,2022,2020-09-17,89.1,4.099999999999994,1,0,2021-03-10,1,2022-03-21,2.8,1,1
100278,Taylor,Brown,SCH004,2021,2023-01-31,85.3120187192037,0.3120187192037065,1,1,2022-06-07,0,2022-08-11,,1,1
100295,Emily,Anderson,SCH004,2023,2022-05-23,62.6,-22.4,0,0,2023-03-28,0,2023-12-07,,0,0
100323,Maria,Anderson,SCH001,2021,2021-04-02,79.1,-5.900000000000006,0,0,2022-04-22,0,2022-12-11,,1,0
100324,Ashley,Taylor,SCH005,2022,2023-03-27,76.9,-8.099999999999994,0,0,2023-01-26,0,2021-11-10,,1,0
100326,Chris,Anderson,SCH002,2022,2021-11-17,80.6,-4.400000000000006,0,0,,0,2023-09-16,,1,1
100335,Taylor,Miller,SCH001,2022,2021-10-02,91.4,6.400000000000006,1,0,2021-12-03,0,2023-01-18,,1,0
100346,Chris,Anderson,SCH002,2021,2021-08-28,88.5,3.5,1,1,2021-02-04,1,2022-04-15,,1,1
100352,James,Moore,SCH002,2021,2022-03-12,64.6,-20.400000000000006,0,0,2021-06-23,0,2023-01-19,,0,0
100353,Taylor,Anderson,SCH003,2021,2021-11-07,100.0,15.0,1,1,2021-08-22,0,2023-01-22,,0,0
100360,David,Wilson,SCH001,2022,2021-03-14,80.3,-4.700000000000003,0,0,2022-01-06,0,2024-06-19,,1,1
100367,Michael,Taylor,SCH005,2021,2021-06-24,80.3,-4.700000000000003,0,0,2023-05-18,1,2023-08-04,2.58,1,1
100369,Sarah,Anderson,SCH001,2022,2022-06-29,92.2,7.200000000000003,1,1,2022-01-26,1,2022-04-23,2.7,1,0
100397,Michael,Garcia,SCH001,2022,2022-03-13,82.08356511691409,-2.9164348830859126,0,0,2022-03-18,1,2021-09-08,2.01,1,1
100409,Sarah,Smith,SCH002,2021,2022-12-14,73.6,-11.400000000000006,0,0,,0,2023-09-28,,0,0
100441,James,Garcia,UNKNOWN,2022,2022-05-02,94.1,9.099999999999994,1,1,,0,2022-12-09,,1,0
100442,Sarah,Taylor,SCH003,2021,2022-01-14,97.4,12.400000000000006,1,1,2022-05-07,0,,,0,0
100454,Taylor,Davis,UNKNOWN,2022,2022-12-06,74.4,-10.599999999999994,0,0,2023-06-06,1,2022-06-17,2.41,0,0
100469,Chris,Taylor,SCH005,2023,2020-12-22,75.7,-9.299999999999997,0,0,2022-10-31,0,2023-11-20,,1,0
100475,Chris,Miller,SCH005,2022,2021-12-18,57.9,-27.1,0,0,2023-01-29,0,2023-08-19,,0,0
100487,Daniel,Smith,SCH001,2023,2021-01-23,77.1,-7.900000000000006,0,0,2022-10-18,0,2023-02-04,,1,0
100488,Sarah,Johnson,SCH003,2022,2021-01-27,64.1,-20.900000000000006,0,0,2021-02-13,0,2024-03-04,,0,0
100509,Daniel,Wilson,SCH002,2023,2023-04-10,73.0,-12.0,0,0,2021-04-01,1,2023-08-08,1.63,0,0
100532,Michael,Garcia,SCH003,2023,2020-09-06,87.8,2.799999999999997,1,1,2022-10-13,0,2023-09-01,,1,1
100590,Maria,Wilson,SCH005,2021,2020-11-24,77.6,-7.400000000000006,0,0,2022-04-16,0,2023-03-20,,1,0
100593,Taylor,Anderson,SCH003,2022,2023-01-30,84.4,-0.5999999999999943,0,0,2021-04-11,0,2023-02-11,,1,1
100597,Chris,Anderson,SCH001,2021,2022-04-06,88.2,3.200000000000003,1,1,2022-06-03,1,2023-09-28,3.34,1,1
100606,Maria,Brown,SCH002,2021,2021-12-12,83.7,-1.2999999999999972,0,0,2021-08-11,0,2023-09-13,,1,1
100619,Ashley,Miller,SCH003,2022,2021-10-17,86.13345087707108,1.133450877071084,1,1,2023-07-01,1,2024-01-06,2.27,1,1
100622,Michael,Wilson,SCH003,2021,2021-03-19,89.5,4.5,1,0,2022-06-30,0,2024-07-07,,1,1
100636,Daniel,Davis,SCH003,2021,2022-04-26,68.4,-16.599999999999994,0,0,2022-04-29,1,2023-08-24,2.94,0,0
100707,Emily,Johnson,SCH004,2023,2020-09-24,92.5,7.5,1,0,2022-08-03,0,2024-07-10,,1,0
100713,Emily,Wilson,SCH002,2021,2021-01-19,100.0,15.0,1,1,2022-04-09,0,2023-07-16,,0,0
100723,James,Anderson,SCH001,2022,2022-03-23,94.5,9.5,1,1,2021-02-17,0,2024-06-08,,1,0
100733,Chris,Davis,SCH002,2023,2021-06-10,74.1,-10.900000000000006,0,0,2023-06-27,1,2024-06-01,2.01,0,0
100752,David,Brown,SCH005,2023,2021-11-17,100.0,15.0,1,1,2022-11-27,1,2023-03-06,3.59,0,0
100763,Maria,Anderson,SCH002,2021,2022-07-17,80.9,-4.099999999999994,0,0,2022-06-19,1,2023-06-19,1.88,1,1
100822,Chris,Moore,SCH003,2023,2021-10-26,99.0,14.0,1,1,2023-04-02,0,2023-04-06,,0,0
100861,Maria,Garcia,SCH002,2022,2022-04-19,63.8,-21.200000000000003,0,0,2022-08-21,1,2022-09-01,2.02,0,0
100865,Maria,Taylor,SCH003,2022,2021-11-25,67.5,-17.5,0,0,2022-10-06,1,2024-08-29,2.5,0,0
100867,Sarah,Miller,SCH001,2021,2021-10-05,63.8,-21.200000000000003,0,0,2023-03-16,0,2023-07-15,,0,0
100884,David,Johnson,SCH002,2021,2023-02-14,72.75187376010484,-12.248126239895157,0,0,2022-10-21,0,2024-04-05,,0,0
100893,David,Davis,SCH005,2021,2021-05-10,73.1,-11.900000000000006,0,0,2022-10-27,0,2023-10-11,,0,0
100896,Ashley,Brown,SCH005,2023,2022-12-08,79.9,-5.099999999999994,0,0,2021-09-08,0,2022-08-17,,1,0
100901,David,Wilson,SCH003,2022,2021-04-24,65.2,-19.799999999999997,0,0,2021-07-19,0,2022-04-09,,0,0
100924,David,Johnson,SCH002,2023,2021-08-02,82.0,-3.0,0,0,2021-09-24,1,2023-10-27,2.55,1,1
100962,Emily,Miller,SCH004,2021,2022-10-25,90.3,5.299999999999997,1,1,2023-03-06,1,2024-02-03,3.27,1,0
100968,James,Garcia,SCH004,2021,2023-03-03,83.4,-1.5999999999999943,0,0,2021-07-19,0,2022-12-27,,1,1
100982,Chris,Anderson,SCH001,2023,2022-12-02,82.9,-2.0999999999999943,0,0,2023-04-20,0,2024-07-15,,1,1
101009,Ashley,Wilson,SCH002,2023,2020-12-15,75.9,-9.099999999999994,0,0,2022-09-24,0,2024-06-22,,1,0
101014,Chris,Davis,SCH003,2023,2023-04-30,72.7,-12.299999999999997,0,0,2023-04-20,0,2022-04-01,,0,0
101028,Daniel,Taylor,SCH001,2023,2021-06-10,77.0,-8.0,0,0,2022-05-28,0,2022-09-10,,1,0
101032,David,Garcia,SCH004,2021,2023-05-11,89.8,4.799999999999997,1,1,2023-03-08,0,2021-10-12,,1,1
101050,Ashley,Anderson,SCH003,2022,2021-07-18,72.23401708904832,-12.765982910951678,0,0,2023-01-02,0,2021-08-27,,0,0
101059,James,Johnson,SCH002,2021,2023-01-23,80.1,-4.900000000000006,0,0,2022-08-30,0,2022-10-07,,1,1
101064,Ashley,Brown,SCH004,2023,2021-11-16,55.0,-30.0,0,0,2023-01-21,1,2022-05-15,,0,0
101079,Emily,Davis,SCH002,2021,2021-01-10,80.4,-4.599999999999994,0,0,2022-03-26,0,2022-02-17,,1,1
101083,Taylor,Miller,SCH001,2021,2020-09-15,73.5,-11.5,0,0,2021-07-08,1,2022-01-07,2.55,0,0
101094,Michael,Brown,SCH001,2021,2022-11-23,77.0,-8.0,0,0,2021-12-14,1,2022-10-30,2.07,1,0
101108,Michael,Anderson,SCH001,2021,2022-11-01,75.7,-9.299999999999997,0,0,2022-02-07,1,2024-07-29,2.52,1,0
101122,Michael,Wilson,SCH002,2023,2022-12-18,67.6,-17.400000000000006,0,0,2022-09-17,0,2024-05-11,,0,0
101125,James,Johnson,UNKNOWN,2021,2023-03-14,73.0,-12.0,0,0,2022-07-18,0,2023-11-28,,0,0
101133,Daniel,Johnson,SCH004,2023,2021-12-08,69.17457557055937,-15.82542442944063,0,0,2023-02-06,0,2023-05-06,,0,0
101158,Michael,Miller,SCH002,2023,2022-01-25,82.4,-2.5999999999999943,0,0,2021-02-20,0,2022-02-05,,1,1
101159,Maria,Miller,SCH004,2022,2020-10-19,75.4,-9.599999999999994,0,0,2023-02-25,0,2023-06-10,,1,0
101172,David,Anderson,SCH005,2021,2022-11-01,82.8,-2.200000000000003,0,0,2023-06-11,1,2023-10-19,2.9,1,1
101183,James,Brown,SCH002,2021,2021-12-12,83.8,-1.2000000000000028,0,0,2022-04-07,0,2022-02-02,,1,1
101196,Michael,Brown,SCH001,2022,2022-12-20,74.6,-10.400000000000006,0,0,2022-05-28,0,2022-01-26,,0,0
101205,Emily,Smith,SCH005,2023,2022-11-20,62.4,-22.6,0,0,2022-02-02,0,2022-09-11,,0,0
101272,Sarah,Wilson,SCH003,2022,2022-01-30,77.2,-7.799999999999997,0,0,2023-05-30,1,2024-06-26,2.06,1,0
101285,Taylor,Moore,SCH004,2022,2022-07-05,90.1,5.099999999999994,1,0,2021-11-11,1,2023-08-09,3.13,1,0
101323,Sarah,Davis,SCH001,2023,2021-06-29,74.7,-10.299999999999997,0,0,2021-07-05,0,2022-02-12,,0,0
101325,Taylor,Garcia,SCH004,2023,2021-01-10,63.8,-21.200000000000003,0,0,2022-08-04,1,2023-06-27,1.72,0,0
101378,Maria,Miller,SCH002,2022,2021-12-16,69.8,-15.200000000000003,0,1,2022-02-09,0,2022-12-19,,0,0
101382,Maria,Anderson,SCH001,2022,2022-10-26,71.6,-13.400000000000006,0,0,2022-02-13,0,2022-12-11,,0,0
101415,Emily,Taylor,SCH004,2023,2023-03-27,80.4,-4.599999999999994,0,0,2022-08-27,0,2022-03-14,,1,1
101443,Michael,Anderson,SCH002,2021,2020-09-29,79.5,-5.5,0,1,2023-04-23,1,2024-07-12,2.76,1,0
101460,Chris,Wilson,SCH003,2021,2023-01-07,94.6,9.599999999999994,1,1,2022-12-07,1,2023-02-28,2.75,1,0
101516,Maria,Anderson,SCH003,2023,2021-05-18,79.7,-5.299999999999997,0,0,2023-06-22,1,2022-12-29,2.92,1,0
101551,Daniel,Garcia,SCH002,2022,2021-06-27,77.2,-7.799999999999997,0,0,2022-01-20,0,2023-12-09,,1,0
101552,David,Moore,SCH001,2023,2021-04-11,65.7,-19.299999999999997,0,0,2023-06-26,1,2023-12-31,1.92,0,0
101585,Chris,Brown,SCH005,2022,2022-12-30,87.1,2.0999999999999943,1,1,2021-07-17,1,2023-11-25,2.61,1,1
101596,David,Brown,SCH002,2021,2021-10-17,73.72132798649416,-11.27867201350584,0,0,2022-05-02,1,2022-04-18,1.17,0,0
101599,Chris,Garcia,SCH001,2023,2022-05-03,75.2,-9.799999999999997,0,0,2022-12-08,0,2021-10-23,,1,0
101606,Chris,Garcia,SCH001,2023,2021-03-12,59.9,-25.1,0,0,2022-02-10,0,2023-10-18,,0,0
101608,Daniel,Moore,SCH003,2023,2022-01-25,75.9,-9.099999999999994,0,0,2022-03-04,0,2021-12-11,,1,0
101616,Ashley,Brown,SCH005,2021,2023-01-13,67.4,-17.599999999999994,0,0,2023-03-16,1,2022-05-16,2.13,0,0
101634,Chris,Garcia,SCH002,2021,2020-10-27,76.1,-8.900000000000006,0,0,2022-03-23,0,2024-05-27,,1,0
101647,Ashley,Miller,SCH005,2023,2023-04-21,76.98383624843967,-8.016163751560327,0,0,2021-09-15,0,2024-09-01,,1,0
101653,Daniel,Brown,SCH005,2022,2020-12-20,82.7,-2.299999999999997,0,0,2021-12-04,1,2022-05-25,3.15,1,1
101665,Chris,Garcia,SCH002,2021,2022-09-28,68.9,-16.099999999999994,0,0,2022-04-13,0,2021-09-06,,0,0
101668,Chris,Moore,SCH002,2023,2021-07-24,76.4,-8.599999999999994,0,0,2021-03-10,1,2022-08-18,2.29,1,0
101681,Daniel,Brown,UNKNOWN,2021,2022-01-20,82.9,-2.0999999999999943,0,0,2023-07-03,1,2021-09-08,2.88,1,1
101689,Chris,Miller,SCH003,2021,2022-11-17,78.8,-6.200000000000003,0,0,2021-05-27,0,2022-06-03,,1,0
101769,David,Moore,SCH004,2023,2022-09-28,76.0,-9.0,0,0,2022-08-05,0,2021-10-15,,1,0
101804,Taylor,Brown,SCH001,2022,2022-04-21,84.9,-0.09999999999999432,0,0,2022-04-23,0,2022-08-03,,1,1
101818,Daniel,Johnson,SCH001,2023,2021-04-11,93.4,8.400000000000006,1,1,2022-07-12,0,2023-02-23,,1,0
101857,Emily,Davis,SCH004,2021,2022-09-08,61.8,-23.200000000000003,0,0,2021-11-01,1,2023-10-24,1.0,0,0
101877,Chris,Taylor,SCH005,2022,2021-12-18,75.9,-9.099999999999994,0,0,2022-10-30,1,2023-11-08,2.08,1,0
101880,Michael,Garcia,SCH002,2022,2020-09-07,73.0,-12.0,0,1,2023-01-16,0,2022-12-09,,0,0
101881,Sarah,Wilson,SCH004,2023,2021-04-08,65.3,-19.700000000000003,0,1,,1,2023-05-14,2.28,0,0
101898,David,Wilson,SCH004,2023,2021-04-18,86.8,1.7999999999999972,1,1,2023-08-14,1,2023-02-04,3.22,1,1
101912,Ashley,Garcia,SCH005,2023,2022-12-29,76.0,-9.0,0,0,2022-12-29,1,2024-08-03,1.77,1,0
101926,David,Miller,UNKNOWN,2021,2021-12-23,80.6,-4.400000000000006,0,0,2023-03-16,0,2022-04-09,,1,1
101937,David,Miller,SCH001,2021,2020-09-27,77.9,-7.099999999999994,0,1,2021-01-03,0,2022-09-27,,1,0
101953,Taylor,Miller,SCH004,2023,2021-08-26,67.3,-17.700000000000003,0,0,2021-03-18,0,2022-03-08,,0,0
101977,Ashley,Johnson,SCH005,2023,2021-06-05,86.5,1.5,1,1,2023-04-29,1,2023-03-04,3.47,1,1
100014,Chris,Taylor,SCH001,2022,2023-05-20,100.0,15.0,1,1,2022-10-30,0,2022-02-08,,0,0
100020,Taylor,Johnson,SCH005,2023,2022-08-21,94.0,9.0,1,1,2021-01-10,1,2022-07-18,2.41,1,0
100031,Maria,Smith,SCH003,2021,2021-04-09,83.7,-1.2999999999999972,0,0,2022-02-06,0,2024-01-09,,1,1
100042,James,Garcia,SCH004,2022,2020-09-18,76.7,-8.299999999999997,0,1,2022-10-30,0,2024-04-18,,1,0
100047,Chris,Smith,SCH004,2022,2023-04-09,73.90153893586363,-11.098461064136373,0,0,2023-04-15,0,2022-08-20,,0,0
100053,James,Moore,SCH005,2022,2023-05-02,86.6,1.5999999999999943,1,1,2022-02-06,0,2023-03-13,,1,1
100069,Maria,Garcia,SCH002,2022,2020-12-20,98.8,13.799999999999997,1,1,2022-01-08,1,2024-08-29,3.15,0,0
100090,Taylor,Moore,SCH001,2021,2021-06-03,80.8,-4.200000000000003,0,0,2022-06-09,0,2022-03-23,,1,1
100092,Sarah,Miller,SCH004,2021,2022-07-19,84.0,-1.0,0,0,2021-08-25,0,2023-03-04,,1,1
100113,Ashley,Miller,SCH001,2022,2021-10-16,100.0,15.0,1,0,2021-05-22,0,2023-07-23,,0,0
100137,Michael,Garcia,SCH004,2022,2021-09-03,74.2,-10.799999999999997,0,0,2023-07-31,0,2023-12-20,,0,0
100148,David,Davis,SCH005,2021,2020-10-15,82.5,-2.5,0,1,2022-05-11,1,2023-08-19,2.51,1,1
100208,Maria,Taylor,SCH001,2021,2023-02-17,72.47657906944632,-12.523420930553684,0,0,2023-02-06,0,2024-08-21,,0,0
100211,Michael,Smith,SCH004,2023,2022-02-01,75.8,-9.200000000000003,0,0,2021-12-29,0,2023-02-09,,1,0
100280,Sarah,Anderson,UNKNOWN,2021,2020-12-09,77.4,-7.599999999999994,0,0,2021-05-25,0,2023-12-11,,1,0
100288,Daniel,Anderson,SCH001,2023,2022-12-07,60.8,-24.200000000000003,0,1,2022-05-13,0,2024-01-07,,0,0
100290,Emily,Miller,SCH001,2021,2021-10-03,89.2,4.200000000000003,1,1,2023-06-08,0,2022-05-13,,1,1
100291,Emily,Garcia,SCH003,2023,2021-06-18,93.4,8.400000000000006,1,0,2022-05-13,0,2022-08-30,,1,0
100327,Chris,Taylor,SCH003,2021,2023-03-09,70.4,-14.599999999999994,0,0,2022-08-12,0,2023-05-26,,0,0
100333,James,Johnson,SCH005,2021,2022-08-19,70.6,-14.400000000000006,0,0,2023-04-16,0,2023-09-10,,0,0
100374,Michael,Garcia,SCH001,2023,2022-06-20,77.2,-7.799999999999997,0,0,2021-09-12,0,2023-01-07,,1,0
100398,David,Miller,SCH004,2021,2023-04-25,90.1,5.099999999999994,1,1,2021-06-28,0,2023-01-17,,1,0
100424,Emily,Wilson,SCH004,2021,2022-10-06,80.5,-4.5,0,0,2021-06-21,0,2022-01-29,,1,1
100427,James,Brown,SCH002,2022,2023-03-31,61.8,-23.200000000000003,0,0,2022-10-27,0,2023-02-18,,0,0
100429,Ashley,Davis,SCH003,2021,2021-02-04,76.3,-8.700000000000003,0,0,2023-02-19,0,2021-10-13,,1,0
100438,Emily,Miller,SCH003,2022,2020-10-12,69.4,-15.599999999999994,0,0,2021-08-13,0,2023-05-05,,0,0
100497,Michael,Wilson,SCH005,2022,2021-11-20,69.1,-15.900000000000006,0,0,2023-08-04,0,2022-07-14,,0,0
100498,Emily,Anderson,SCH003,2022,2022-03-31,82.3,-2.700000000000003,0,0,2022-10-02,0,2022-05-01,,1,1
100499,Taylor,Garcia,SCH001,2021,2023-04-22,73.4256569696878,-11.574343030312207,0,0,2023-03-22,0,2024-06-28,,0,0
100505,David,Smith,SCH005,2023,2021-08-31,90.8,5.799999999999997,1,1,2021-09-18,1,2023-02-15,2.68,1,0
100522,Daniel,Anderson,SCH004,2022,2021-02-24,81.4,-3.5999999999999943,0,0,2021-03-04,0,2023-07-04,,1,1
100536,Ashley,Taylor,SCH005,2022,2022-05-10,99.8,14.799999999999997,1,0,2021-05-14,0,2024-03-05,,0,0
100596,Emily,Brown,SCH004,2023,2021-09-17,85.5,0.5,1,1,2022-07-26,0,2022-11-24,,1,1
100604,Daniel,Moore,SCH003,2021,2022-09-07,69.8,-15.200000000000003,0,0,2021-12-28,0,2022-09-26,,0,0
100609,Emily,Wilson,SCH002,2022,2021-07-26,83.8,-1.2000000000000028,0,0,,1,2024-06-21,2.07,1,1
100635,Chris,Miller,SCH004,2021,2021-08-08,69.5,-15.5,0,0,2022-05-01,1,2022-01-23,2.5,0,0
100676,Michael,Taylor,SCH002,2023,2021-06-25,73.3,-11.700000000000003,0,1,2021-07-29,1,2022-12-29,2.67,0,0
100709,Maria,Davis,SCH002,2023,2023-01-03,92.5,7.5,1,1,2022-01-28,1,2022-07-11,2.56,1,0
100732,Sarah,Smith,SCH001,2022,2021-08-18,82.9,-2.0999999999999943,0,0,2022-11-05,0,2022-04-23,,1,1
100741,Taylor,Brown,SCH003,2023,2021-11-25,82.1,-2.9000000000000057,0,0,2023-05-24,0,2022-12-27,,1,1
100764,Chris,Taylor,SCH005,2022,2022-07-30,61.78360202997429,-23.21639797002571,0,0,2022-07-18,0,2023-09-07,,0,0
100796,Emily,Moore,SCH003,2023,2023-04-10,68.4,-16.599999999999994,0,0,2022-05-22,0,2023-05-11,,0,0
100811,Daniel,Anderson,SCH001,2023,2022-08-03,81.5,-3.5,0,0,2022-12-30,1,2023-11-08,2.3,1,1
100818,Emily,Wilson,SCH001,2021,2020-11-07,65.1,-19.900000000000006,0,0,2021-05-29,0,2024-04-18,,0,0
100843,James,Miller,SCH003,2022,2021-12-23,80.8,-4.200000000000003,0,0,2022-01-04,0,2022-08-07,,1,1
100853,Taylor,Wilson,SCH004,2021,2022-06-29,73.20837752729801,-11.791622472701988,0,0,2022-07-09,0,2024-03-06,,0,0
100891,Maria,Davis,SCH004,2023,2021-03-24,95.9,10.900000000000006,1,1,2023-04-29,0,2024-04-02,,0,0
100907,Maria,Moore,SCH003,2023,2020-12-08,74.5,-10.5,0,1,2021-08-24,0,2022-06-06,,0,0
100910,David,Smith,SCH004,2023,2021-01-17,68.2,-16.799999999999997,0,1,2021-10-07,1,2023-01-04,1.5,0,0
100916,Sarah,Miller,SCH001,2021,2021-10-31,96.1,11.099999999999994,1,1,2021-08-19,0,2023-12-11,,0,0
100920,Ashley,Moore,SCH004,2021,2023-04-10,79.6,-5.400000000000006,0,0,2023-08-18,0,2022-06-28,,1,0
101001,Maria,Brown,SCH001,2021,2023-04-20,84.7,-0.29999999999999716,0,0,2022-08-27,0,2023-03-22,,1,1
101015,Taylor,Wilson,SCH002,2023,2022-07-04,80.8,-4.200000000000003,0,1,2021-08-02,1,2022-01-26,2.18,1,1
101021,Taylor,Johnson,SCH003,2021,2020-10-23,91.7,6.700000000000003,1,1,2021-04-22,0,2023-11-04,,1,0
101075,Taylor,Brown,SCH001,2021,2022-06-20,87.8,2.799999999999997,1,1,2023-04-22,1,2022-03-21,3.53,1,1
101091,Daniel,Johnson,SCH004,2021,2023-01-13,81.7,-3.299999999999997,0,0,2022-10-15,1,2023-04-14,2.34,1,1
101123,Daniel,Smith,SCH003,2023,2023-04-05,77.3,-7.700000000000003,0,0,2021-10-20,0,2022-02-01,,1,0
101129,James,Johnson,SCH001,2022,2022-01-09,94.0,9.0,1,1,2022-10-16,1,2023-11-27,2.8,1,0
101141,Daniel,Taylor,SCH004,2023,2022-05-21,93.0,8.0,1,1,2021-09-18,1,2024-04-22,3.39,1,0
101160,Ashley,Davis,SCH005,2023,2021-09-29,81.6,-3.4000000000000057,0,0,2022-11-30,0,2022-02-25,,1,1
101171,Ashley,Davis,SCH003,2021,2021-01-05,72.6,-12.400000000000006,0,0,2021-04-24,0,2022-06-24,,0,0
101173,James,Davis,SCH002,2023,2020-09-19,75.8,-9.200000000000003,0,0,2021-08-26,0,2022-09-10,,1,0
101175,Maria,Smith,SCH005,2022,2020-09-20,68.0,-17.0,0,0,2022-06-16,0,2023-06-10,,0,0
101198,Ashley,Smith,SCH001,2021,2021-10-09,62.7,-22.299999999999997,0,0,2021-11-06,0,2021-09-10,,0,0
101210,David,Wilson,SCH005,2022,2021-11-22,76.2,-8.799999999999997,0,0,2023-02-27,0,2022-04-16,,1,0
101212,Michael,Smith,SCH004,2023,2021-02-20,81.2,-3.799999999999997,0,0,2023-08-10,0,2023-04-13,,1,1
101231,Emily,Davis,SCH005,2021,2021-03-20,74.1,-10.900000000000006,0,0,2022-11-25,0,2023-06-11,,0,0
101241,Daniel,Moore,SCH005,2021,2023-04-13,84.1,-0.9000000000000057,0,0,2021-05-15,1,2021-08-30,3.1,1,1
101249,Daniel,Garcia,UNKNOWN,2023,2021-08-16,80.4,-4.599999999999994,0,1,2021-08-18,0,2024-05-21,,1,1
101263,David,Wilson,UNKNOWN,2021,2022-05-12,77.9,-7.099999999999994,0,0,2021-01-10,1,2022-06-15,2.02,1,0
101294,Chris,Moore,SCH002,2021,2022-05-24,67.5,-17.5,0,0,2021-09-06,0,2023-02-10,,0,0
101295,Chris,Miller,SCH003,2022,2021-07-11,92.3,7.299999999999997,1,1,2021-06-16,0,2024-02-08,,1,0
101301,James,Moore,SCH001,2022,2021-08-27,80.6,-4.400000000000006,0,1,2021-07-19,1,2023-02-28,2.5,1,1
101305,Chris,Smith,SCH003,2023,2021-05-27,56.02306780683897,-28.976932193161034,0,0,2021-08-20,1,2023-04-21,1.79,0,0
101306,Michael,Brown,SCH001,2022,2021-06-18,71.8,-13.200000000000003,0,0,2022-01-06,0,2022-09-12,,0,0
101334,James,Brown,SCH001,2023,2021-01-28,92.61697131100206,7.616971311002061,1,0,2023-05-03,1,2021-12-30,3.17,1,0
101354,Daniel,Garcia,SCH003,2023,2021-08-31,74.4,-10.599999999999994,0,0,2021-02-02,0,2023-10-31,,0,0
101375,Maria,Miller,SCH003,2023,2021-01-10,81.3,-3.700000000000003,0,0,2023-01-24,1,2021-12-22,,1,1
101379,Ashley,Brown,SCH002,2022,2020-12-25,79.0,-6.0,0,1,2022-09-10,1,2024-04-28,2.87,1,0
101383,David,Garcia,SCH004,2022,2020-09-14,66.6,-18.400000000000006,0,0,2023-01-16,0,2024-08-26,,0,0
101392,Maria,Brown,SCH001,2022,2021-03-14,59.2,-25.799999999999997,0,0,2023-08-17,0,2023-08-09,,0,0
101394,Daniel,Johnson,SCH005,2022,2021-05-12,94.1,9.099999999999994,1,1,2021-03-10,1,2023-12-11,3.06,1,0
101410,Chris,Brown,SCH005,2022,2021-03-27,69.84711246845616,-15.15288753154384,0,0,2023-07-16,0,2023-07-18,,0,0
101414,David,Anderson,SCH002,2023,2023-03-17,85.8,0.7999999999999972,1,0,2023-02-16,1,2022-09-09,2.41,1,1
101423,Sarah,Taylor,SCH003,2023,2021-01-02,78.4,-6.599999999999994,0,0,2021-08-09,1,2023-01-30,2.31,1,0
101434,Sarah,Miller,SCH003,2021,2022-05-12,58.9,-26.1,0,0,2021-08-12,0,2022-06-13,,0,0
101440,Taylor,Taylor,SCH001,2023,2022-02-21,87.0,2.0,1,0,2023-04-19,1,2023-06-17,,1,1
101450,Maria,Brown,SCH004,2021,2023-05-31,65.1,-19.900000000000006,0,0,2023-08-24,0,2022-07-05,,0,0
101454,Sarah,Johnson,SCH004,2021,2022-06-26,70.4,-14.599999999999994,0,0,2023-07-17,0,2023-11-12,,0,0
101463,Michael,Johnson,SCH004,2023,2022-08-29,65.1,-19.900000000000006,0,0,2022-12-02,0,2023-08-03,,0,0
101470,Chris,Johnson,SCH004,2022,2022-02-25,95.1,10.099999999999994,1,1,2023-04-14,1,2022-07-21,3.38,0,0
101482,David,Moore,SCH004,2023,2022-09-29,89.6,4.599999999999994,1,0,2023-03-23,1,2022-01-14,2.83,1,1
101491,Emily,Taylor,SCH003,2023,2021-02-14,63.9,-21.1,0,0,2021-01-25,0,2022-08-26,,0,0
101521,Daniel,Brown,SCH003,2022,2023-02-26,75.4,-9.599999999999994,0,0,2022-12-11,0,2023-02-18,,1,0
101523,Taylor,Taylor,SCH003,2023,2020-09-01,68.8,-16.200000000000003,0,0,2021-11-13,1,2023-12-04,2.41,0,0
101531,Maria,Anderson,SCH003,2023,2022-08-14,58.9,-26.1,0,0,2021-03-05,0,2024-01-14,,0,0
101568,David,Moore,SCH003,2021,2022-09-23,73.8,-11.200000000000003,0,0,2021-02-12,0,2024-08-04,,0,0
101581,Ashley,Wilson,SCH002,2021,2022-01-28,79.4,-5.599999999999994,0,0,2021-04-18,1,2022-06-30,2.13,1,0
101589,David,Wilson,SCH005,2022,2020-12-30,78.3,-6.700000000000003,0,0,2021-02-28,0,2022-03-09,,1,0
101601,Ashley,Miller,SCH001,2021,2021-07-29,89.4,4.400000000000006,1,1,2021-08-04,0,2021-09-19,,1,1
101610,Daniel,Davis,SCH005,2021,2023-02-24,85.3,0.29999999999999716,1,1,2022-11-16,0,2024-02-09,,1,1
101624,Chris,Moore,SCH002,2023,2022-02-14,72.8,-12.200000000000003,0,0,2022-04-25,1,2021-12-11,2.2,0,0
101629,Chris,Miller,SCH001,2023,2022-02-22,69.59251602974604,-15.407483970253963,0,0,2021-05-28,1,2023-10-13,1.87,0,0
101630,Daniel,Brown,SCH002,2021,2023-05-01,71.9,-13.099999999999994,0,0,2022-06-24,0,2022-11-09,,0,0
101632,David,Johnson,SCH003,2023,2021-09-18,43.6,-41.4,0,0,2023-03-31,0,2024-08-15,,0,0
101649,David,Wilson,SCH004,2021,2022-01-07,83.0,-2.0,0,0,2023-05-04,0,,,1,1
101652,Chris,Brown,SCH003,2023,2022-10-31,77.0,-8.0,0,0,2021-05-19,0,2022-02-14,,1,0
101663,Michael,Wilson,SCH004,2022,2021-11-28,75.3,-9.700000000000003,0,0,2021-10-23,0,2023-02-06,,1,0
101674,Sarah,Moore,SCH004,2021,2022-12-21,68.3,-16.700000000000003,0,0,2021-02-09,0,2022-02-26,,0,0
101677,David,Anderson,SCH002,2023,2021-10-19,73.9,-11.099999999999994,0,0,2022-07-22,0,2022-05-04,,0,0
101690,Chris,Davis,SCH005,2021,2021-11-09,76.2,-8.799999999999997,0,0,2022-09-18,0,2024-08-07,,1,0
101702,Maria,Taylor,SCH001,2023,2022-12-23,61.9,-23.1,0,1,2023-05-15,0,2024-04-12,,0,0
101706,Emily,Wilson,SCH004,2021,2020-11-16,76.1,-8.900000000000006,0,0,2021-08-13,0,2023-08-24,,1,0
101709,Emily,Davis,SCH005,2023,2021-04-10,82.2,-2.799999999999997,0,0,2023-02-20,1,2022-05-23,2.46,1,1
101720,Chris,Wilson,SCH005,2023,2023-03-05,93.0,8.0,1,1,2023-02-26,0,2023-08-09,,1,0
101755,Michael,Anderson,SCH004,2023,2022-06-03,73.4,-11.599999999999994,0,0,2021-01-30,0,2022-03-18,,0,0
101765,Ashley,Taylor,SCH003,2023,2022-08-07,89.8,4.799999999999997,1,1,2021-06-24,0,2024-03-15,,1,1
101819,Michael,Davis,SCH001,2022,2023-04-28,72.9,-12.099999999999994,0,0,2021-09-15,0,2023-05-05,,0,0
101826,Emily,Smith,SCH001,2023,2022-11-07,96.5,11.5,1,1,2021-07-02,1,2023-03-11,3.16,0,0
101851,David,Moore,SCH001,2022,2021-04-01,93.00918523101055,8.009185231010548,1,0,2022-01-02,0,2022-02-20,,1,0
101853,Sarah,Miller,UNKNOWN,2023,2023-01-14,63.8,-21.200000000000003,0,0,2021-01-22,1,2023-03-30,2.22,0,0
101868,Michael,Smith,SCH004,2021,2022-06-29,82.6,-2.4000000000000057,0,0,2021-09-17,0,2022-09-29,,1,1
101907,James,Brown,SCH001,2021,2020-09-20,77.8,-7.200000000000003,0,0,2021-02-26,0,2023-02-11,,1,0
101916,Ashley,Moore,SCH003,2022,2023-03-28,90.4,5.400000000000006,1,0,2021-08-03,0,2024-06-29,,1,0
101924,Ashley,Anderson,SCH004,2023,2023-03-28,80.4,-4.599999999999994,0,0,2022-07-07,1,2022-07-07,2.39,1,1
101939,Sarah,Garcia,SCH002,2021,2022-01-27,88.0,3.0,1,1,2023-05-27,1,2022-12-28,2.72,1,1
101949,Taylor,Brown,SCH004,2021,2022-01-11,70.5,-14.5,0,0,2021-01-02,0,2024-01-18,,0,0
100006,Sarah,Smith,SCH005,2021,2020-11-07,62.5,-22.5,0,0,2021-08-05,0,2024-08-27,,0,0
100018,Emily,Garcia,SCH004,2021,2023-03-30,68.2,-16.799999999999997,0,0,2022-11-03,0,2023-11-28,,0,0
100030,Ashley,Smith,SCH002,2021,2020-12-30,71.6,-13.400000000000006,0,0,2022-09-03,0,2023-05-23,,0,0
100080,Maria,Johnson,SCH002,2022,2022-02-23,69.7,-15.299999999999997,0,0,2022-01-23,0,2022-04-09,,0,0
100085,Sarah,Johnson,SCH001,2022,2021-07-19,90.2,5.200000000000003,1,1,2022-09-21,1,2022-08-27,3.06,1,0
100094,James,Smith,SCH001,2023,2020-12-31,84.0,-1.0,0,0,2022-06-26,0,2022-02-24,,1,1
100115,Daniel,Johnson,SCH003,2022,2020-12-06,70.7,-14.299999999999997,0,0,2023-05-28,1,2021-11-24,1.97,0,0
100125,Taylor,Miller,SCH002,2023,2021-09-03,67.8,-17.200000000000003,0,0,2021-02-13,0,2023-11-09,,0,0
100136,Daniel,Brown,SCH002,2023,2021-09-01,71.7,-13.299999999999997,0,0,2022-01-25,0,2023-08-19,,0,0
100167,Sarah,Davis,UNKNOWN,2022,2021-12-28,73.1,-11.900000000000006,0,0,2023-02-11,1,2022-11-08,3.51,0,0
100199,Daniel,Anderson,SCH004,2021,2022-08-02,68.10954798237559,-16.890452017624412,0,0,2022-08-23,0,2024-04-12,,0,0
100235,James,Johnson,SCH005,2022,2021-10-12,69.5,-15.5,0,0,2022-10-26,0,2021-10-19,,0,0
100267,Sarah,Miller,SCH005,2021,2022-01-26,70.2,-14.799999999999997,0,0,2021-04-07,0,2023-10-31,,0,0
100356,Daniel,Garcia,SCH002,2023,2022-08-13,70.2,-14.799999999999997,0,0,2021-11-25,0,2021-11-26,,0,0
100358,David,Miller,SCH001,2022,2021-07-26,95.2,10.200000000000003,1,1,2021-05-06,1,2022-05-31,3.07,0,0
100390,Michael,Smith,UNKNOWN,2021,2023-05-17,84.9,-0.09999999999999432,0,0,2021-05-21,0,2021-12-09,,1,1
100412,David,Anderson,SCH003,2022,2020-12-23,71.2,-13.799999999999997,0,0,2023-03-16,0,2023-06-06,,0,0
100423,David,Wilson,SCH001,2023,2021-12-05,64.2,-20.799999999999997,0,1,2022-02-24,0,2023-07-17,,0,0
100465,Maria,Anderson,SCH002,2021,2023-01-26,85.3,0.29999999999999716,1,1,2022-06-22,1,2023-03-07,2.8,1,1
100479,Chris,Davis,SCH003,2023,2022-05-10,96.7,11.700000000000003,1,1,2023-08-12,1,2022-09-02,3.86,0,0
100490,Ashley,Anderson,SCH001,2022,2023-01-08,78.0,-7.0,0,0,2022-01-01,0,2021-11-13,,1,0
100500,Daniel,Anderson,UNKNOWN,2022,2022-09-17,60.4,-24.6,0,1,2022-04-10,0,2021-10-13,,0,0
100508,Maria,Garcia,SCH004,2021,2022-08-01,81.8,-3.200000000000003,0,0,2022-11-30,1,2023-04-24,2.38,1,1
100516,Michael,Moore,SCH005,2021,2021-05-16,68.7,-16.299999999999997,0,0,2022-11-09,0,2023-07-20,,0,0
100517,Emily,Johnson,SCH001,2023,2022-07-22,62.5,-22.5,0,0,2021-10-22,0,2024-06-27,,0,0
100577,Ashley,Garcia,UNKNOWN,2023,2023-03-14,78.0,-7.0,0,0,2021-11-13,0,2023-01-13,,1,0
100626,Ashley,Smith,SCH004,2022,2022-09-17,76.9,-8.099999999999994,0,0,2023-05-31,0,2022-09-06,,1,0
100630,Emily,Johnson,UNKNOWN,2023,2022-10-12,79.2,-5.799999999999997,0,0,2021-07-09,1,,2.54,1,0
100691,Emily,Smith,SCH001,2023,2021-06-29,77.6,-7.400000000000006,0,0,2021-10-28,0,2023-08-21,,1,0
100694,Michael,Garcia,SCH003,2023,2022-05-06,80.1,-4.900000000000006,0,0,2021-01-22,0,2023-01-16,,1,1
100697,Taylor,Taylor,SCH004,2021,2023-03-21,84.8,-0.20000000000000284,0,0,2022-01-07,0,2024-01-25,,1,1
100701,Michael,Johnson,SCH001,2022,2020-12-09,79.3,-5.700000000000003,0,0,2022-01-31,1,2022-07-09,1.82,1,0
100740,Emily,Davis,SCH002,2021,2021-11-15,68.2,-16.799999999999997,0,0,2021-11-08,0,2023-10-19,,0,0
100747,Chris,Brown,SCH005,2021,2023-05-09,66.7,-18.299999999999997,0,0,2021-02-12,0,2022-06-16,,0,0
100765,Michael,Smith,SCH001,2022,2022-09-04,77.4,-7.599999999999994,0,0,2023-02-02,1,2022-12-16,1.59,1,0
100770,David,Miller,SCH001,2021,2020-09-04,78.0,-7.0,0,0,2023-03-28,1,2021-09-20,2.28,1,0
100792,Emily,Johnson,SCH005,2023,2022-05-15,82.9,-2.0999999999999943,0,1,2021-11-01,1,2024-09-01,2.68,1,1
100801,Maria,Miller,SCH003,2023,2022-09-16,66.4,-18.599999999999994,0,0,2023-08-24,0,2024-06-30,,0,0
100821,Michael,Moore,SCH005,2022,2020-12-06,80.5,-4.5,0,0,2023-05-05,0,2022-07-01,,1,1
100838,Taylor,Anderson,SCH003,2021,2022-01-23,83.6,-1.4000000000000057,0,0,2022-11-07,0,2023-02-26,,1,1
100890,Ashley,Davis,SCH001,2023,2021-03-11,61.7,-23.299999999999997,0,0,2022-09-12,0,2023-02-04,,0,0
100912,David,Johnson,SCH001,2021,2022-07-12,79.4,-5.599999999999994,0,0,2021-12-18,0,2022-05-09,,1,0
100922,Sarah,Brown,SCH004,2021,2022-11-15,73.9,-11.099999999999994,0,0,2022-06-25,0,2023-04-12,,0,0
100935,Daniel,Smith,SCH005,2023,2022-09-18,70.1,-14.900000000000006,0,0,2021-02-19,1,2021-09-15,1.8,0,0
100942,Taylor,Garcia,SCH005,2022,2023-03-19,79.7,-5.299999999999997,0,0,2021-05-17,1,2023-08-04,2.33,1,0
100960,Chris,Davis,SCH005,2022,2022-03-19,68.8,-16.200000000000003,0,0,2022-06-08,0,2024-01-27,,0,0
100963,Taylor,Davis,SCH002,2023,2020-10-23,81.7,-3.299999999999997,0,0,2022-07-13,0,2024-08-22,,1,1
100970,Sarah,Miller,SCH003,2021,2022-07-07,75.6,-9.400000000000006,0,0,2021-10-16,0,2023-11-03,,1,0
100973,Chris,Johnson,SCH004,2023,2021-01-29,62.3,-22.700000000000003,0,0,2021-03-15,1,2022-09-16,2.73,0,0
100974,James,Garcia,SCH003,2022,2022-08-12,93.7,8.700000000000003,1,1,2022-08-27,0,2023-03-16,,1,0
100996,Michael,Garcia,SCH005,2023,2021-01-19,82.0,-3.0,0,0,2023-01-29,0,2023-03-27,,1,1
101006,Sarah,Smith,SCH005,2021,2022-04-26,79.5,-5.5,0,0,2023-05-20,0,2022-04-29,,1,0
101037,Sarah,Brown,SCH002,2023,2022-07-23,79.5,-5.5,0,0,,0,2024-03-07,,1,0
101041,Taylor,Brown,SCH001,2022,2021-09-19,84.5,-0.5,0,0,2021-11-29,0,2024-06-04,,1,1
101088,David,Davis,SCH005,2023,2022-05-08,80.0,-5.0,0,0,2023-03-24,0,2022-07-13,,1,1
101120,James,Johnson,SCH004,2022,2021-09-24,86.2,1.2000000000000028,1,1,2022-02-28,1,2021-08-25,2.35,1,1
101144,David,Miller,SCH001,2023,2021-10-06,64.0,-21.0,0,1,2022-06-06,0,2021-12-14,,0,0
101149,Chris,Johnson,SCH003,2023,2020-12-01,96.2,11.200000000000003,1,1,2021-12-07,0,2023-10-13,,0,0
101156,Taylor,Wilson,SCH001,2023,2023-05-10,76.5,-8.5,0,0,2022-06-02,0,2022-10-20,,1,0
101181,Chris,Smith,SCH004,2023,2021-03-08,65.8,-19.200000000000003,0,0,2022-10-26,1,2023-04-24,1.67,0,0
101184,Emily,Garcia,SCH001,2022,2022-09-22,78.3,-6.700000000000003,0,0,2021-12-03,0,2023-01-25,,1,0
101216,James,Taylor,SCH001,2023,2021-06-05,74.3,-10.700000000000003,0,0,2022-11-20,0,2024-01-30,,0,0
101239,Daniel,Taylor,SCH001,2023,2022-06-23,84.7,-0.29999999999999716,0,0,2021-12-23,1,,1.82,1,1
101244,Ashley,Miller,SCH004,2022,2021-01-22,100.0,15.0,1,1,2021-07-23,1,2024-02-12,3.77,0,0
101255,Emily,Garcia,SCH004,2022,2023-02-22,97.2,12.200000000000003,1,0,,0,2022-12-21,,0,0
101297,Chris,Miller,SCH003,2022,2020-09-27,70.3,-14.700000000000003,0,0,2022-02-14,0,2023-09-30,,0,0
101312,James,Taylor,SCH004,2021,2021-06-28,91.3,6.299999999999997,1,1,2021-10-08,1,2022-08-06,2.98,1,0
101316,Sarah,Brown,SCH004,2022,2021-11-27,85.4,0.4000000000000057,1,1,2021-08-20,1,2024-05-31,1.93,1,1
101318,Chris,Miller,SCH001,2022,2021-12-15,88.5,3.5,1,0,2023-07-03,1,2023-03-21,2.61,1,1
101324,Sarah,Johnson,SCH001,2023,2021-06-02,80.2,-4.799999999999997,0,0,2021-02-03,0,2024-04-15,,1,1
101350,Chris,Davis,SCH001,2023,2022-01-08,64.2,-20.799999999999997,0,0,2023-07-02,1,2022-09-03,2.12,0,0
101370,Emily,Garcia,SCH002,2021,2021-10-12,93.0,8.0,1,1,2023-02-26,0,2023-10-14,,1,0
101373,Daniel,Johnson,SCH004,2023,2022-05-24,90.8,5.799999999999997,1,1,2023-04-26,1,2021-11-02,2.16,1,0
101389,Taylor,Anderson,SCH004,2022,2020-12-10,61.6,-23.4,0,0,2023-03-05,0,2024-02-20,,0,0
101391,Taylor,Anderson,SCH005,2023,2022-08-15,83.1,-1.9000000000000057,0,0,2021-08-16,1,2023-06-20,2.81,1,1
101395,Maria,Moore,SCH003,2022,2023-05-04,83.7,-1.2999999999999972,0,0,2022-01-08,1,2023-08-29,2.69,1,1
101413,Taylor,Moore,SCH002,2023,2022-06-24,68.4,-16.599999999999994,0,0,2022-07-30,0,2023-10-30,,0,0
101424,Chris,Wilson,SCH001,2022,2021-07-30,72.9,-12.099999999999994,0,0,2021-07-15,0,2024-04-09,,0,0
101435,Daniel,Moore,SCH002,2023,2020-11-05,86.9,1.9000000000000057,1,0,2022-03-18,0,2022-01-24,,1,1
101444,Ashley,Johnson,SCH001,2023,2022-04-27,64.9,-20.099999999999994,0,0,2021-11-17,0,2024-08-08,,0,0
101455,James,Moore,SCH002,2022,2022-01-10,86.9,1.9000000000000057,1,1,2022-04-19,1,2023-07-04,3.05,1,1
101475,Sarah,Taylor,SCH004,2023,2021-10-11,87.9,2.9000000000000057,1,1,2022-07-24,1,2022-05-03,2.99,1,1
101513,Emily,Anderson,SCH004,2021,2022-03-18,87.0,2.0,1,1,2023-07-10,1,2023-01-02,3.02,1,1
101534,Maria,Garcia,SCH001,2021,2021-10-29,98.8,13.799999999999997,1,0,2022-05-29,0,2022-10-21,,0,0
101550,Sarah,Miller,SCH002,2023,2020-10-29,57.4,-27.6,0,0,2023-03-01,1,2022-02-10,1.93,0,0
101555,Sarah,Taylor,SCH001,2023,2022-08-15,76.2,-8.799999999999997,0,0,2021-08-12,0,2022-03-07,,1,0
101561,Sarah,Anderson,SCH001,2021,2022-12-07,92.5,7.5,1,1,2023-02-26,0,2022-01-06,,1,0
101573,Maria,Johnson,SCH003,2021,2022-10-01,66.6,-18.400000000000006,0,0,2023-05-28,0,2022-11-12,,0,0
101617,Michael,Moore,SCH005,2023,2023-05-31,72.7,-12.299999999999997,0,0,2022-12-03,0,2023-04-02,,0,0
101637,James,Brown,SCH002,2021,2021-12-27,88.4,3.4000000000000057,1,1,2021-05-17,0,2023-05-18,,1,1
101638,Emily,Wilson,SCH004,2022,2021-05-15,71.1,-13.900000000000006,0,1,2022-07-14,0,2024-05-02,,0,0
101658,Michael,Moore,SCH005,2021,2022-07-21,80.3,-4.700000000000003,0,0,2022-11-25,1,2023-01-16,1.44,1,1
101682,Emily,Smith,SCH002,2021,2022-09-05,76.6,-8.400000000000006,0,0,2021-09-06,0,2024-02-23,,1,0
101707,Sarah,Smith,SCH005,2023,2020-09-12,91.4,6.400000000000006,1,1,2022-03-07,1,2023-06-06,3.21,1,0
101728,Taylor,Taylor,SCH001,2022,2020-12-20,80.7,-4.299999999999997,0,0,2022-12-16,1,2024-06-09,2.18,1,1
101734,Chris,Garcia,SCH002,2022,2020-09-30,89.7,4.700000000000003,1,1,2023-04-16,1,2022-10-13,2.39,1,1
101737,Michael,Davis,SCH001,2023,2022-11-24,69.5,-15.5,0,0,2022-09-14,0,2023-05-12,,0,0
101747,Chris,Johnson,SCH002,2021,2022-02-08,75.0,-10.0,0,0,2021-06-07,0,2023-11-22,,1,0
101749,Maria,Johnson,SCH001,2022,2022-08-31,85.1,0.09999999999999432,1,1,2023-08-24,1,2022-01-29,2.93,1,1
101775,Sarah,Garcia,SCH001,2023,2022-06-09,68.1,-16.900000000000006,0,0,2021-04-24,0,2023-04-28,,0,0
101778,Maria,Smith,SCH001,2023,2022-04-05,94.0,9.0,1,1,2022-04-29,0,2022-03-24,,1,0
101780,Taylor,Smith,SCH001,2022,2022-04-07,59.4,-25.6,0,1,2021-02-06,1,2021-11-05,1.67,0,0
101787,Daniel,Johnson,SCH003,2022,2021-09-09,73.6,-11.400000000000006,0,0,2022-01-22,0,2022-03-14,,0,0
101790,Maria,Brown,SCH004,2021,2022-06-26,82.5,-2.5,0,0,2022-05-16,0,2024-05-29,,1,1
101809,James,Johnson,SCH005,2022,2023-02-12,75.5,-9.5,0,0,2022-10-23,0,2022-08-09,,1,0
101849,David,Taylor,SCH002,2023,2021-04-11,74.7,-10.299999999999997,0,0,2023-04-06,0,2024-07-14,,0,0
101860,Chris,Anderson,SCH001,2021,2020-12-12,89.6,4.599999999999994,1,1,2022-08-27,0,2022-08-09,,1,1
101864,David,Anderson,SCH003,2023,2021-06-13,73.4,-11.599999999999994,0,0,2022-11-27,1,2024-08-05,1.82,0,0
101873,Sarah,Brown,SCH002,2022,2022-09-25,95.86106197627336,10.861061976273362,1,1,2023-07-05,0,2024-03-13,,0,0
101896,Sarah,Wilson,SCH004,2023,2021-05-15,81.0,-4.0,0,0,2023-07-13,0,2022-02-15,,1,1
101899,Taylor,Moore,SCH004,2021,2021-02-05,79.7,-5.299999999999997,0,0,2022-05-10,0,2023-12-30,,1,0
101903,Chris,Anderson,UNKNOWN,2021,2022-05-29,84.1,-0.9000000000000057,0,0,2021-07-26,0,2024-03-12,,1,1
101938,Emily,Moore,SCH003,2022,2022-04-07,85.1,0.09999999999999432,1,1,2021-12-04,0,2022-11-25,,1,1
101941,James,Miller,SCH005,2021,2022-04-29,88.9,3.9000000000000057,1,1,2021-08-21,0,2023-04-17,,1,1
101944,Emily,Smith,SCH001,2022,2021-05-04,74.8,-10.200000000000003,0,0,2022-07-09,0,2023-08-11,,0,0
101957,Maria,Wilson,SCH003,2023,2022-01-16,68.1,-16.900000000000006,0,0,2023-03-06,0,2024-08-03,,0,0
101979,Michael,Anderson,SCH005,2022,2020-09-09,63.7,-21.299999999999997,0,0,,0,2024-07-09,,0,0
100011,Taylor,Miller,SCH005,2022,2020-10-21,66.0,-19.0,0,1,2023-04-12,1,2022-09-29,1.77,0,0
100037,Ashley,Johnson,SCH002,2023,2020-12-13,84.7,-0.29999999999999716,0,0,2023-01-11,0,,,1,1
100040,James,Taylor,SCH001,2022,2022-12-20,92.9,7.900000000000006,1,1,2021-08-12,0,2022-05-23,,1,0
100095,Chris,Garcia,SCH003,2023,2021-03-20,83.2,-1.7999999999999972,0,0,2021-02-01,0,2022-07-04,,1,1
100184,Maria,Brown,SCH005,2022,2020-12-22,73.4,-11.599999999999994,0,0,2022-12-15,1,2021-11-25,2.54,0,0
100213,Maria,Wilson,SCH005,2022,2022-07-08,78.9,-6.099999999999994,0,0,2022-06-15,1,2024-04-28,1.67,1,0
100224,Emily,Garcia,SCH005,2022,2022-08-25,78.9,-6.099999999999994,0,0,2023-01-30,1,2023-12-21,2.21,1,0
100229,Chris,Wilson,SCH005,2022,2020-11-07,70.0,-15.0,0,0,2022-06-08,1,2021-09-17,1.89,0,0
100233,Maria,Smith,SCH001,2022,2022-02-01,66.5,-18.5,0,0,2023-03-22,0,2022-02-07,,0,0
100234,Maria,Taylor,SCH002,2021,2021-09-14,79.6,-5.400000000000006,0,0,2021-03-19,0,2024-08-12,,1,0
100239,Emily,Taylor,SCH004,2023,2021-02-01,66.3,-18.700000000000003,0,0,2022-09-01,0,2024-06-24,,0,0
100255,Taylor,Smith,SCH002,2022,2021-08-08,86.5,1.5,1,1,2022-03-27,0,2022-09-26,,1,1
100262,James,Moore,SCH001,2021,2021-09-24,87.1,2.0999999999999943,1,1,2023-01-07,1,2022-05-29,2.86,1,1
100271,Chris,Johnson,SCH004,2022,2020-10-21,70.9,-14.099999999999994,0,1,2022-08-03,0,2021-08-29,,0,0
100282,James,Garcia,SCH002,2021,2022-04-28,76.1,-8.900000000000006,0,1,2023-03-25,0,2023-01-13,,1,0
100296,James,Wilson,SCH002,2022,2021-04-22,100.0,15.0,1,1,2021-02-13,0,2023-08-10,,0,0
100299,James,Wilson,SCH003,2023,2021-12-03,72.3,-12.700000000000003,0,0,2022-08-24,0,2023-03-02,,0,0
100309,David,Smith,SCH004,2021,2023-08-09,85.26619884611851,0.2661988461185132,1,0,2021-11-14,0,2023-10-18,,1,1
100349,Ashley,Johnson,SCH003,2023,2022-07-24,78.4,-6.599999999999994,0,0,2022-02-24,0,2023-12-29,,1,0
100375,Ashley,Johnson,SCH005,2021,2020-10-07,84.3,-0.7000000000000028,0,0,2023-08-16,0,2024-08-25,,1,1
100388,Maria,Miller,SCH004,2022,2022-12-13,81.9,-3.0999999999999943,0,0,2022-03-18,0,2023-03-14,,1,1
100391,Sarah,Wilson,SCH001,2021,2022-02-11,79.7,-5.299999999999997,0,0,2021-01-18,1,2023-02-20,2.14,1,0
100403,Taylor,Davis,SCH001,2021,2021-09-13,81.6,-3.4000000000000057,0,0,2022-07-01,0,2023-12-28,,1,1
100437,Daniel,Anderson,SCH004,2022,2022-06-23,75.0,-10.0,0,1,2022-08-31,0,,,1,0
100443,Taylor,Taylor,SCH005,2021,2023-05-25,82.4,-2.5999999999999943,0,1,2022-08-20,0,2024-06-12,,1,1
100456,Daniel,Davis,SCH003,2022,2021-11-06,76.2,-8.799999999999997,0,1,2022-01-15,0,2021-09-02,,1,0
100462,Michael,Smith,SCH002,2023,2021-07-26,72.5,-12.5,0,1,2021-07-18,0,2022-10-24,,0,0
100473,Chris,Brown,SCH003,2021,2022-10-06,63.5,-21.5,0,0,2022-04-11,0,2024-07-23,,0,0
100476,Sarah,Johnson,SCH001,2023,2021-04-06,76.57743497873473,-8.422565021265271,0,0,2022-08-22,0,2022-08-22,,1,0
100485,Ashley,Johnson,SCH004,2022,2020-09-03,55.4,-29.6,0,1,2022-04-30,1,2023-11-25,1.39,0,0
100519,James,Johnson,SCH001,2021,2022-07-10,85.6,0.5999999999999943,1,1,2023-02-16,0,2021-10-29,,1,1
100539,Daniel,Johnson,SCH002,2021,2023-02-01,75.0,-10.0,0,0,2022-08-09,1,2022-09-30,2.96,1,0
100547,Chris,Smith,SCH005,2021,2021-11-04,95.1,10.099999999999994,1,1,2021-05-19,1,2022-09-07,4.0,0,0
100557,Daniel,Miller,SCH002,2023,2022-04-08,79.0,-6.0,0,0,2022-06-24,0,2023-03-28,,1,0
100558,James,Taylor,SCH005,2022,2022-09-02,81.9,-3.0999999999999943,0,0,2023-06-01,1,2022-10-12,2.49,1,1
100560,Emily,Garcia,SCH001,2022,2021-12-05,67.9,-17.099999999999994,0,0,2021-11-29,0,2022-08-28,,0,0
100563,Ashley,Smith,SCH001,2022,2022-04-18,89.3,4.299999999999997,1,1,2021-04-18,0,2024-03-11,,1,1
100605,Sarah,Wilson,SCH002,2023,2021-11-16,78.72979252177366,-6.2702074782263395,0,0,2023-02-27,0,2024-02-10,,1,0
100617,Taylor,Anderson,SCH004,2022,2022-08-29,71.7,-13.299999999999997,0,0,2022-04-27,1,2023-05-11,3.09,0,0
100628,David,Taylor,SCH004,2023,2020-11-05,84.9,-0.09999999999999432,0,0,2021-01-25,0,2023-12-31,,1,1
100641,James,Miller,SCH004,2022,2022-02-14,51.1,-33.9,0,0,2021-07-01,0,2021-10-16,,0,0
100646,Daniel,Brown,SCH001,2021,2021-10-27,89.8,4.799999999999997,1,1,2023-06-09,0,2023-03-16,,1,1
100657,Ashley,Anderson,SCH005,2023,2022-10-23,96.2,11.200000000000003,1,1,2021-08-01,1,2022-03-08,2.9,0,0
100668,David,Brown,SCH004,2023,2021-08-23,61.6,-23.4,0,0,2022-06-30,1,2024-08-13,2.07,0,0
100682,Ashley,Moore,SCH004,2021,2020-12-25,87.1,2.0999999999999943,1,1,2021-12-10,1,2024-02-27,2.68,1,1
100748,Emily,Anderson,SCH001,2021,2022-01-19,84.1,-0.9000000000000057,0,0,2021-07-07,1,2023-04-14,2.08,1,1
100759,Taylor,Johnson,SCH001,2022,2022-04-14,93.5,8.5,1,1,2023-02-24,1,2024-01-15,2.25,1,0
100767,Michael,Brown,SCH004,2023,2021-01-28,81.20456921381829,-3.7954307861817114,0,1,2023-03-24,0,2022-02-24,,1,1
100779,Ashley,Smith,SCH005,2021,2021-05-28,78.7,-6.299999999999997,0,0,2022-10-12,1,2022-11-18,2.92,1,0
100785,Ashley,Garcia,SCH001,2023,2022-11-18,84.61339204999028,-0.3866079500097186,0,0,2021-11-22,0,2022-02-04,,1,1
100790,Maria,Taylor,SCH001,2023,2022-07-07,64.5,-20.5,0,0,2021-03-30,0,2024-02-24,,0,0
100799,Ashley,Miller,SCH002,2023,2020-12-31,79.7,-5.299999999999997,0,0,2022-01-05,1,2022-05-08,2.58,1,0
100813,Daniel,Johnson,SCH002,2021,2021-08-08,95.6,10.599999999999994,1,0,2023-08-03,1,2024-01-19,2.15,0,0
100825,David,Moore,SCH001,2021,2022-07-28,98.7,13.700000000000003,1,1,2021-02-02,1,2022-06-15,3.09,0,0
100905,Chris,Anderson,SCH003,2022,2021-02-03,83.1,-1.9000000000000057,0,0,2022-11-03,0,2024-02-14,,1,1
100914,Maria,Johnson,SCH002,2021,2021-09-11,85.30618850642577,0.30618850642576945,1,1,2023-03-11,0,2022-10-17,,1,1
100921,Maria,Brown,SCH005,2022,2021-07-31,69.3,-15.700000000000003,0,0,2021-11-20,1,2021-12-23,2.43,0,0
100931,Emily,Garcia,SCH002,2023,2020-09-23,88.3,3.299999999999997,1,1,2021-08-18,1,2023-03-31,3.52,1,1
100939,James,Garcia,SCH002,2022,2023-02-28,81.9,-3.0999999999999943,0,0,2023-05-26,0,2023-04-27,,1,1
100951,Michael,Miller,SCH005,2022,2022-08-01,86.1,1.0999999999999943,1,1,2022-10-06,1,2023-09-30,2.83,1,1
100987,Daniel,Brown,SCH001,2022,2022-04-30,71.0,-14.0,0,1,2021-01-14,0,2021-10-28,,0,0
100998,Daniel,Smith,SCH001,2022,2021-12-31,61.7,-23.299999999999997,0,0,2023-08-29,0,2022-01-01,,0,0
101073,Sarah,Davis,SCH004,2021,2023-05-28,66.85028243534461,-18.14971756465539,0,0,2021-08-26,0,2021-09-01,,0,0
101117,Emily,Anderson,SCH002,2023,2021-10-20,84.1,-0.9000000000000057,0,0,2021-04-19,0,2023-08-22,,1,1
101138,Maria,Smith,SCH004,2022,2021-10-10,65.9,-19.099999999999994,0,0,2022-12-27,1,2022-10-31,1.43,0,0
101151,Michael,Miller,SCH002,2023,2021-07-14,73.7,-11.299999999999997,0,0,2022-10-18,0,2023-07-04,,0,0
101157,Maria,Taylor,SCH001,2023,2023-03-31,67.2,-17.799999999999997,0,0,2023-07-18,1,2024-08-18,2.76,0,0
101180,Emily,Wilson,SCH004,2022,2020-09-02,78.7,-6.299999999999997,0,0,2023-08-21,0,2022-03-08,,1,0
101185,Sarah,Moore,SCH005,2023,2022-12-16,72.2,-12.799999999999997,0,0,2023-08-14,0,2024-02-12,,0,0
101187,Ashley,Garcia,SCH003,2022,2020-11-25,75.8,-9.200000000000003,0,0,2022-08-16,0,2021-11-10,,1,0
101199,Ashley,Anderson,SCH002,2023,2021-02-27,57.4,-27.6,0,0,2021-01-26,0,2024-04-25,,0,0
101229,Chris,Brown,SCH004,2023,2021-10-20,66.4,-18.599999999999994,0,0,2022-11-03,1,2024-07-21,2.19,0,0
101293,Sarah,Johnson,SCH005,2021,2022-06-23,68.2,-16.799999999999997,0,0,2023-03-21,0,2021-12-15,,0,0
101299,Daniel,Davis,SCH004,2021,2022-02-19,96.2,11.200000000000003,1,1,2021-09-19,0,2021-08-05,,0,0
101303,Michael,Moore,SCH005,2023,2021-06-08,74.2,-10.799999999999997,0,0,2021-04-17,0,2023-01-28,,0,0
101308,Emily,Anderson,SCH002,2022,2021-10-06,69.9,-15.099999999999994,0,0,2022-03-28,0,2021-08-05,,0,0
101351,Daniel,Taylor,SCH005,2022,2023-02-13,80.3,-4.700000000000003,0,0,2021-01-25,1,2022-01-17,2.24,1,1
101376,Daniel,Anderson,SCH001,2022,2020-11-16,86.1,1.0999999999999943,1,1,2022-06-25,1,2022-09-20,2.64,1,1
101411,Ashley,Garcia,SCH001,2022,2022-03-20,75.7,-9.299999999999997,0,0,2022-11-14,0,2022-09-28,,1,0
101425,Emily,Moore,SCH003,2023,2021-07-19,78.3,-6.700000000000003,0,0,2023-01-20,0,2023-03-24,,1,0
101428,Michael,Smith,SCH001,2021,2022-05-22,76.4,-8.599999999999994,0,0,2023-08-08,1,2023-04-23,2.25,1,0
101437,Michael,Taylor,SCH001,2022,2021-11-14,77.3,-7.700000000000003,0,0,2021-05-08,0,2022-11-30,,1,0
101461,Maria,Brown,SCH001,2022,2021-02-05,79.4,-5.599999999999994,0,0,2021-09-09,1,2023-01-03,1.88,1,0
101468,Daniel,Moore,SCH005,2022,2021-06-15,88.2,3.200000000000003,1,1,2021-10-01,1,2024-07-11,2.31,1,1
101504,Ashley,Brown,SCH004,2021,2021-07-03,57.4,-27.6,0,0,2021-04-23,0,2023-08-12,,0,0
101540,David,Anderson,SCH001,2023,2020-09-28,87.5,2.5,1,1,2021-06-04,1,2024-08-14,2.4,1,1
101544,Emily,Taylor,SCH004,2022,2022-02-02,85.6,0.5999999999999943,1,0,2023-05-01,0,2023-01-25,,1,1
101558,Michael,Johnson,SCH001,2021,2023-04-21,84.5,-0.5,0,0,2022-05-20,0,2022-11-04,,1,1
101580,James,Johnson,SCH002,2023,2022-08-05,96.9,11.900000000000006,1,1,2021-06-28,1,2024-01-31,1.6,0,0
101583,Taylor,Brown,SCH001,2021,2021-05-04,79.8,-5.200000000000003,0,0,2021-04-06,0,2021-12-31,,1,0
101604,Sarah,Taylor,SCH004,2022,2022-05-26,80.3,-4.700000000000003,0,0,2021-10-11,1,2023-08-30,2.55,1,1
101620,Chris,Wilson,SCH003,2021,2023-01-26,76.9,-8.099999999999994,0,0,2022-09-07,0,2024-08-30,,1,0
101623,Maria,Garcia,SCH002,2023,2022-04-21,74.9,-10.099999999999994,0,0,2022-10-07,0,2023-02-14,,0,0
101625,James,Wilson,SCH004,2021,2022-04-17,69.6,-15.400000000000006,0,0,2022-01-02,0,2023-07-22,,0,0
101676,Sarah,Wilson,SCH005,2021,2021-03-20,89.04839015467319,4.048390154673186,1,0,2021-12-12,1,2021-10-14,2.48,1,1
101680,Sarah,Moore,SCH004,2021,2022-04-14,73.6,-11.400000000000006,0,0,2021-01-05,0,2023-09-24,,0,0
101697,Taylor,Anderson,SCH002,2023,2022-03-31,64.5,-20.5,0,0,2022-04-07,0,2023-09-16,,0,0
101705,Maria,Brown,SCH001,2022,2023-01-25,86.2,1.2000000000000028,1,1,2023-01-24,0,2024-05-21,,1,1
101750,David,Miller,SCH002,2022,2020-10-30,67.5,-17.5,0,0,2023-07-03,1,2022-01-31,2.32,0,0
101770,Emily,Moore,SCH004,2023,2022-08-20,78.6,-6.400000000000006,0,0,2021-11-19,1,2023-12-31,2.12,1,0
101781,Sarah,Davis,SCH001,2023,2020-09-07,84.1,-0.9000000000000057,0,0,2021-12-24,1,2023-07-23,2.15,1,1
101813,Chris,Moore,SCH005,2021,2023-01-13,69.5,-15.5,0,0,2023-03-01,0,2022-06-06,,0,0
101837,James,Johnson,SCH003,2022,2022-09-15,82.6,-2.4000000000000057,0,0,2023-05-10,1,2024-06-02,2.65,1,1
101904,David,Anderson,SCH001,2022,2022-08-04,90.1,5.099999999999994,1,1,2023-03-15,1,2024-01-25,3.72,1,0
101908,Emily,Moore,SCH005,2023,2022-08-28,83.8,-1.2000000000000028,0,0,2023-08-14,1,2024-03-30,2.57,1,1
101909,Daniel,Davis,SCH003,2021,2020-10-18,70.0,-15.0,0,0,2023-08-30,0,2021-09-25,,0,0
101955,Chris,Johnson,SCH005,2022,2022-07-14,73.9,-11.099999999999994,0,0,2021-11-15,1,2023-02-11,2.74,0,0
101971,James,Smith,SCH001,2022,2023-04-03,57.3,-27.700000000000003,0,0,2022-06-30,0,2024-04-04,,0,0
101992,David,Johnson,SCH003,2022,2023-05-29,70.7,-14.299999999999997,0,0,2021-12-31,0,2024-04-17,,0,0
101999,James,Davis,SCH003,2023,2020-12-09,87.0587180388828,2.0587180388828017,1,1,2021-11-11,0,2024-04-17,,1,1
100045,Ashley,Taylor,SCH002,2022,2022-02-13,87.38057566895303,2.3805756689530284,1,1,2022-03-26,1,2024-03-04,2.61,1,1
100048,Chris,Garcia,SCH003,2022,2021-02-25,46.1,-38.9,0,1,2021-10-09,0,2023-03-20,,0,0
100070,James,Smith,SCH005,2022,2022-09-29,79.4,-5.599999999999994,0,1,2022-02-13,0,2022-06-09,,1,0
100075,Michael,Brown,SCH002,2023,2021-04-07,70.6,-14.400000000000006,0,1,2022-05-18,1,2023-12-28,2.81,0,0
100098,Taylor,Smith,SCH005,2021,2020-10-19,85.8,0.7999999999999972,1,1,2022-10-25,1,2022-09-10,2.58,1,1
100101,James,Taylor,UNKNOWN,2023,2022-12-25,81.9,-3.0999999999999943,0,0,2023-08-09,0,2024-03-08,,1,1
100133,Daniel,Taylor,SCH003,2023,2021-06-11,98.0,13.0,1,1,2022-10-18,1,2022-07-31,3.41,0,0
100169,James,Taylor,UNKNOWN,2023,2022-07-06,67.2,-17.799999999999997,0,0,2021-08-09,0,2021-09-09,,0,0
100200,James,Davis,SCH003,2021,2022-10-02,75.8,-9.200000000000003,0,0,2021-03-08,0,2023-01-03,,1,0
100315,Taylor,Moore,SCH004,2021,2022-11-05,70.2,-14.799999999999997,0,0,2022-01-26,0,2024-08-24,,0,0
100316,Emily,Johnson,SCH002,2023,2022-01-20,67.4,-17.599999999999994,0,1,2022-01-24,1,2023-06-24,2.21,0,0
100321,Emily,Smith,SCH003,2022,2021-05-04,82.7,-2.299999999999997,0,1,2021-08-06,1,2022-10-05,2.61,1,1
100348,Ashley,Smith,SCH002,2023,2023-01-13,72.7,-12.299999999999997,0,1,2021-12-31,1,2023-09-20,1.94,0,0
100365,David,Taylor,SCH005,2022,2021-11-23,88.8,3.799999999999997,1,1,2022-06-16,0,2023-05-14,,1,1
100382,Maria,Johnson,SCH001,2021,2022-01-29,100.0,15.0,1,1,2022-03-21,0,2021-10-04,,0,0
100385,Taylor,Moore,SCH002,2023,2021-07-04,89.4,4.400000000000006,1,1,2022-03-11,1,2021-09-29,2.98,1,1
100399,James,Wilson,SCH004,2023,2021-06-18,58.6,-26.4,0,0,2022-07-27,0,2023-12-10,,0,0
100406,David,Wilson,SCH005,2023,2022-05-05,63.8,-21.200000000000003,0,0,2021-08-30,1,2023-05-14,2.04,0,0
100415,Sarah,Wilson,SCH001,2021,2022-06-14,72.0,-13.0,0,0,2023-04-25,0,2021-12-23,,0,0
100416,David,Smith,UNKNOWN,2023,2020-09-19,81.9,-3.0999999999999943,0,0,2023-05-23,1,2022-10-28,2.5,1,1
100432,Sarah,Wilson,SCH001,2022,2021-05-31,66.5,-18.5,0,0,2022-06-01,0,2022-03-20,,0,0
100435,Daniel,Anderson,SCH001,2023,2022-08-09,79.2,-5.799999999999997,0,0,2023-01-26,0,2022-11-30,,1,0
100439,Michael,Taylor,SCH005,2022,2021-09-06,83.9,-1.0999999999999943,0,0,2022-03-15,0,2023-09-24,,1,1
100444,Sarah,Taylor,SCH004,2023,2021-05-28,87.7,2.700000000000003,1,1,2021-03-05,1,2022-09-21,2.8,1,1
100455,James,Davis,SCH005,2022,2022-06-18,97.9,12.900000000000006,1,1,2023-01-02,1,2022-12-30,3.48,0,0
100466,Chris,Taylor,SCH004,2021,2021-08-03,69.9,-15.099999999999994,0,0,2022-07-04,0,2023-09-15,,0,0
100472,Chris,Davis,SCH004,2023,2023-04-10,67.9,-17.099999999999994,0,0,2021-04-26,0,2022-07-03,,0,0
100496,Emily,Davis,SCH002,2022,2021-02-13,81.0,-4.0,0,0,2021-10-09,0,2023-10-03,,1,1
100513,Ashley,Taylor,UNKNOWN,2022,2020-10-20,80.8,-4.200000000000003,0,0,2021-08-14,0,2022-05-30,,1,1
100515,Daniel,Smith,SCH001,2022,2021-03-23,78.5,-6.5,0,0,2022-11-18,0,2022-05-06,,1,0
100521,Sarah,Smith,SCH004,2022,2021-11-19,71.0,-14.0,0,0,2021-03-29,0,2021-08-27,,0,0
100535,Ashley,Anderson,SCH004,2023,2023-05-04,76.8,-8.200000000000003,0,0,2022-08-19,0,2024-08-07,,1,0
100553,Daniel,Miller,SCH002,2023,2022-06-21,59.5,-25.5,0,0,2023-05-18,1,2023-06-02,1.82,0,0
100575,Chris,Anderson,SCH001,2022,2022-05-24,74.4,-10.599999999999994,0,0,2021-10-17,1,,1.93,0,0
100587,Ashley,Johnson,SCH001,2021,2021-09-15,80.2,-4.799999999999997,0,0,2023-06-01,1,2023-03-12,2.62,1,1
100602,Taylor,Smith,SCH002,2021,2023-04-15,91.2,6.200000000000003,1,1,2022-08-07,1,2022-01-14,2.31,1,0
100603,Taylor,Miller,SCH005,2022,2022-10-29,77.3,-7.700000000000003,0,0,2022-11-17,0,2022-02-16,,1,0
100607,Taylor,Moore,SCH002,2022,2023-04-17,75.3,-9.700000000000003,0,0,2023-03-01,0,2024-04-03,,1,0
100610,Emily,Johnson,SCH001,2021,2021-07-05,72.0,-13.0,0,0,2022-08-06,0,2022-10-14,,0,0
100612,James,Smith,SCH003,2022,2021-02-26,63.0,-22.0,0,1,2022-07-03,0,2023-02-08,,0,0
100647,Daniel,Anderson,SCH004,2023,2021-01-14,67.5,-17.5,0,0,2022-01-22,0,2022-10-23,,0,0
100660,Chris,Davis,SCH003,2023,2022-05-25,85.0191107103446,0.019110710344605764,1,0,2021-11-29,0,2024-04-18,,1,1
100665,David,Miller,SCH004,2023,2021-05-24,84.3,-0.7000000000000028,0,0,2022-09-12,0,2023-12-27,,1,1
100698,Michael,Smith,SCH003,2021,2021-08-22,72.5,-12.5,0,0,2022-11-11,1,2021-11-22,2.57,0,0
100708,Sarah,Davis,SCH001,2021,2021-08-09,93.0,8.0,1,1,2022-10-15,0,2023-01-07,,1,0
100718,Michael,Taylor,SCH001,2021,2021-12-06,72.32505257034104,-12.674947429658957,0,1,2022-08-28,1,2023-04-10,2.41,0,0
100721,Maria,Taylor,SCH004,2023,2021-10-17,86.3,1.2999999999999972,1,1,2021-06-15,0,2024-03-20,,1,1
100722,Chris,Taylor,SCH002,2022,2023-01-04,80.4,-4.599999999999994,0,0,2021-04-21,1,2024-01-14,2.34,1,1
100728,Emily,Garcia,SCH004,2022,2023-04-21,81.4,-3.5999999999999943,0,0,2022-07-18,1,2022-07-24,2.37,1,1
100738,Emily,Garcia,SCH003,2021,2022-01-23,87.4,2.4000000000000057,1,1,,0,2024-04-30,,1,1
100832,Daniel,Miller,SCH003,2021,2021-09-14,77.4,-7.599999999999994,0,0,2022-06-03,0,2021-10-03,,1,0
100835,James,Miller,SCH001,2022,2023-04-16,75.5,-9.5,0,0,2023-04-03,0,2022-12-28,,1,0
100858,Michael,Brown,SCH004,2023,2021-03-12,78.4,-6.599999999999994,0,0,2022-08-17,0,2024-03-23,,1,0
100887,Emily,Taylor,SCH005,2021,2021-03-25,66.8,-18.200000000000003,0,1,2021-05-23,0,2022-08-26,,0,0
100894,Emily,Miller,SCH002,2022,2023-01-25,76.6,-8.400000000000006,0,0,2023-02-20,0,2023-05-05,,1,0
100913,David,Davis,SCH002,2022,2021-01-10,94.8,9.799999999999997,1,1,2023-07-23,0,2024-01-11,,1,0
100930,Maria,Smith,SCH003,2023,2022-03-22,73.9,-11.099999999999994,0,0,2022-11-06,0,2021-12-10,,0,0
100934,Chris,Moore,SCH004,2022,2020-09-09,81.4,-3.5999999999999943,0,0,2023-01-10,1,2024-01-27,1.87,1,1
100958,Taylor,Garcia,SCH002,2023,2021-01-21,84.5,-0.5,0,0,,0,2023-06-30,,1,1
100966,Daniel,Johnson,SCH001,2021,2021-04-23,52.3,-32.7,0,0,2021-10-02,0,2023-11-03,,0,0
100994,Taylor,Garcia,SCH001,2022,2022-03-26,73.5,-11.5,0,0,2021-10-02,0,2022-12-14,,0,0
101004,Maria,Moore,SCH003,2023,2022-05-30,84.0,-1.0,0,0,2021-11-21,0,2023-05-08,,1,1
101016,David,Smith,SCH004,2022,2022-03-15,88.8,3.799999999999997,1,1,2021-04-29,1,2024-01-31,3.04,1,1
101026,David,Anderson,SCH003,2023,2021-11-22,82.9,-2.0999999999999943,0,0,,1,2022-04-14,1.76,1,1
101031,James,Garcia,SCH001,2023,2022-04-08,75.20722367882865,-9.792776321171345,0,0,2022-05-11,0,2023-12-11,,1,0
101033,Emily,Brown,SCH003,2023,2022-06-08,58.6,-26.4,0,0,2022-12-18,1,2022-10-27,2.09,0,0
101053,Ashley,Anderson,SCH004,2022,2021-05-29,82.7,-2.299999999999997,0,0,2023-08-03,1,2024-01-01,1.91,1,1
101072,Daniel,Moore,SCH005,2021,2021-01-28,87.3,2.299999999999997,1,1,2022-07-31,1,2024-05-22,3.26,1,1
101087,James,Taylor,SCH002,2022,2021-12-29,66.9,-18.099999999999994,0,0,2021-07-28,0,2022-10-21,,0,0
101118,Emily,Wilson,SCH003,2021,2021-01-03,90.6,5.599999999999994,1,1,2023-07-26,1,2024-04-14,2.44,1,0
101186,David,Taylor,SCH001,2022,2021-02-11,100.0,15.0,1,1,2023-08-14,0,2023-01-01,,0,0
101189,Emily,Miller,SCH004,2022,2020-09-01,63.1,-21.9,0,0,2022-08-20,0,2023-08-14,,0,0
101217,Emily,Johnson,SCH004,2023,2022-07-30,81.8,-3.200000000000003,0,0,2021-04-15,0,2021-12-27,,1,1
101224,Ashley,Brown,SCH001,2023,2021-05-13,81.0,-4.0,0,0,2023-01-31,0,2023-12-03,,1,1
101225,Emily,Davis,SCH004,2023,2021-12-21,64.6,-20.400000000000006,0,0,2021-09-17,0,2023-12-06,,0,0
101232,James,Davis,SCH004,2022,2022-02-10,60.4,-24.6,0,1,2022-05-09,1,2023-02-23,1.8,0,0
101233,Emily,Wilson,SCH002,2022,2022-07-07,89.4,4.400000000000006,1,1,2023-08-20,0,2021-11-27,,1,1
101262,Emily,Anderson,SCH003,2023,2021-10-07,97.6,12.599999999999994,1,1,2021-09-22,1,2024-01-18,3.09,0,0
101267,Ashley,Taylor,SCH002,2021,2021-06-02,88.5,3.5,1,1,2022-11-15,0,2022-07-13,,1,1
101278,Chris,Miller,SCH005,2022,2022-04-01,68.4,-16.599999999999994,0,0,2022-01-13,1,2023-12-26,2.01,0,0
101280,David,Garcia,SCH005,2021,2023-03-28,70.8,-14.200000000000003,0,0,2021-04-22,0,2023-01-24,,0,0
101292,Taylor,Miller,SCH002,2023,2023-03-04,73.9,-11.099999999999994,0,0,2023-05-19,1,2021-10-06,2.03,0,0
101331,Daniel,Garcia,SCH001,2022,2021-07-17,89.0,4.0,1,1,2022-09-22,1,2021-10-14,3.5,1,1
101343,Daniel,Taylor,SCH002,2021,2021-02-16,79.1,-5.900000000000006,0,0,2022-09-05,0,2024-07-07,,1,0
101381,Maria,Wilson,SCH005,2023,2022-02-13,67.7,-17.299999999999997,0,0,2021-03-12,0,2022-09-08,,0,0
101469,Chris,Garcia,SCH001,2022,2022-08-02,77.7,-7.299999999999997,0,0,2022-01-20,0,2024-04-26,,1,0
101474,Taylor,Moore,SCH003,2023,2021-11-13,64.85077673424514,-20.149223265754856,0,0,2022-08-11,0,2023-07-12,,0,0
101476,Chris,Miller,SCH002,2022,2021-04-17,63.5,-21.5,0,0,2021-03-18,0,2023-08-01,,0,0
101477,Ashley,Taylor,SCH002,2022,2022-03-24,71.9,-13.099999999999994,0,0,2022-07-06,0,2024-06-18,,0,0
101478,Emily,Moore,SCH004,2022,2021-04-30,88.3,3.299999999999997,1,0,2023-08-11,0,2022-11-05,,1,1
101488,David,Davis,SCH005,2023,2022-12-17,64.4,-20.599999999999994,0,0,2022-03-19,0,2023-09-10,,0,0
101508,Chris,Davis,SCH002,2022,2022-02-22,71.5,-13.5,0,0,2021-05-02,1,2021-11-07,1.86,0,0
101514,Maria,Wilson,UNKNOWN,2023,2021-09-28,81.94889514004207,-3.051104859957931,0,0,2021-06-23,1,2021-10-23,2.26,1,1
101522,Michael,Smith,SCH004,2022,2022-07-03,72.9,-12.099999999999994,0,1,2022-11-04,0,2024-08-06,,0,0
101535,Taylor,Miller,SCH002,2023,2023-04-11,72.6,-12.400000000000006,0,0,,0,2023-11-29,,0,0
101536,Maria,Moore,SCH005,2021,2023-03-02,94.9,9.900000000000006,1,0,2022-06-17,0,2024-02-27,,1,0
101545,James,Moore,SCH004,2021,2021-12-05,70.7,-14.299999999999997,0,1,2022-03-09,1,2022-03-06,2.35,0,0
101546,Chris,Wilson,SCH002,2021,2022-11-06,75.0,-10.0,0,0,2021-04-17,0,2023-11-13,,1,0
101547,Taylor,Johnson,SCH002,2021,2021-06-10,75.5,-9.5,0,0,2022-10-12,0,2022-07-04,,1,0
101575,James,Davis,SCH001,2021,2021-01-27,79.3,-5.700000000000003,0,0,2021-07-24,1,2022-05-06,1.76,1,0
101591,Taylor,Miller,SCH004,2023,2023-02-26,84.0,-1.0,0,0,2021-10-17,0,2021-09-24,,1,1
101622,Emily,Moore,SCH005,2022,2023-04-22,76.3,-8.700000000000003,0,0,2021-05-20,0,2021-09-12,,1,0
101650,Daniel,Garcia,SCH003,2022,2021-05-24,87.1,2.0999999999999943,1,1,2021-11-15,0,2022-12-23,,1,1
101661,James,Miller,SCH003,2022,2022-03-14,58.2,-26.799999999999997,0,0,2022-10-09,0,2024-03-02,,0,0
101666,James,Taylor,SCH005,2022,2021-01-23,85.0,0.0,1,1,2021-04-14,0,2022-05-19,,1,1
101678,Chris,Anderson,UNKNOWN,2023,2023-02-12,78.2,-6.799999999999997,0,0,2021-12-03,0,2022-02-13,,1,0
101696,Sarah,Moore,SCH002,2022,2022-11-06,77.2,-7.799999999999997,0,0,2021-02-13,1,2022-03-24,2.71,1,0
101701,Taylor,Taylor,SCH004,2023,2022-01-06,62.0,-23.0,0,0,2022-03-08,0,2022-04-15,,0,0
101717,Daniel,Davis,SCH004,2023,2021-10-29,81.3,-3.700000000000003,0,0,2022-01-15,0,2024-02-07,,1,1
101742,James,Moore,SCH004,2022,2021-05-23,89.3,4.299999999999997,1,1,2022-12-25,0,2024-06-16,,1,1
101745,Ashley,Smith,SCH003,2022,2022-07-12,81.3,-3.700000000000003,0,0,2021-10-12,0,2024-01-27,,1,1
101756,Maria,Miller,SCH004,2022,2020-12-15,58.4,-26.6,0,0,2022-07-27,1,2022-12-12,1.21,0,0
101767,Daniel,Wilson,SCH004,2023,2021-07-10,69.2,-15.799999999999997,0,0,2021-10-14,1,2022-12-12,1.82,0,0
101768,Maria,Moore,SCH002,2022,2022-08-02,60.2,-24.799999999999997,0,0,2021-07-24,0,2023-10-02,,0,0
101772,David,Moore,SCH001,2021,2021-02-11,64.8,-20.200000000000003,0,0,2021-03-01,1,,1.58,0,0
101798,Emily,Johnson,SCH002,2021,2023-01-24,85.0,0.0,1,1,2022-01-02,1,2022-12-29,2.95,1,1
101802,Sarah,Davis,SCH005,2022,2021-04-15,76.5,-8.5,0,0,2022-02-24,0,2021-10-22,,1,0
101829,Emily,Johnson,SCH005,2022,2022-09-14,74.2,-10.799999999999997,0,0,2022-03-29,0,2022-02-17,,0,0
101835,Michael,Miller,SCH001,2021,2021-05-10,94.3,9.299999999999997,1,1,2021-08-14,1,2022-02-17,3.61,1,0
101874,Michael,Brown,SCH003,2022,2021-09-06,79.40991908215177,-5.590080917848226,0,0,2023-06-20,1,2024-01-31,3.51,1,0
101906,Emily,Garcia,SCH005,2021,2020-12-23,62.7,-22.299999999999997,0,0,2022-07-24,0,2021-08-12,,0,0
101920,Taylor,Taylor,SCH004,2023,2022-12-09,72.4,-12.599999999999994,0,0,2022-05-02,0,2022-02-19,,0,0
101927,Taylor,Taylor,SCH004,2023,2021-11-05,96.73792161483601,11.737921614836011,1,1,2021-04-08,1,2024-06-04,3.17,0,0
101935,Emily,Moore,SCH004,2023,2022-07-13,71.8,-13.200000000000003,0,0,2022-10-01,0,2024-03-30,,0,0
101962,Maria,Taylor,SCH005,2021,2020-11-26,63.2,-21.799999999999997,0,0,2021-04-06,0,2023-10-03,,0,0
101966,Ashley,Davis,SCH003,2022,2020-12-22,79.3,-5.700000000000003,0,0,2022-04-17,0,2024-05-06,,1,0
101978,Taylor,Wilson,SCH002,2023,2022-11-09,61.6,-23.4,0,0,2023-05-05,1,2024-08-26,2.07,0,0
101984,David,Moore,SCH003,2021,2021-08-22,55.5,-29.5,0,0,2021-08-31,1,2023-09-02,2.43,0,0
101986,Sarah,Wilson,SCH001,2023,2020-12-01,87.0,2.0,1,0,2022-09-04,0,2023-03-10,,1,1
101989,James,Garcia,SCH004,2023,2023-04-15,77.3,-7.700000000000003,0,0,2021-05-08,1,2023-12-09,1.59,1,0
100007,David,Davis,SCH002,2023,2021-09-26,96.8,11.799999999999997,1,0,2021-09-08,0,2022-12-23,,0,0
100009,Maria,Smith,SCH003,2023,2023-04-05,77.0,-8.0,0,0,2022-01-16,0,2022-01-03,,1,0
100010,Daniel,Smith,SCH002,2023,2021-02-18,72.5,-12.5,0,0,2022-04-22,1,2023-05-16,2.26,0,0
100015,Taylor,Johnson,SCH003,2021,2022-04-02,73.9,-11.099999999999994,0,0,2023-08-04,0,2024-07-27,,0,0
100019,Emily,Davis,SCH001,2023,2021-06-21,70.1,-14.900000000000006,0,0,2022-06-13,1,2023-07-31,3.22,0,0
100028,Emily,Moore,SCH004,2023,2021-05-24,77.5,-7.5,0,0,2021-02-08,1,2024-02-14,2.23,1,0
100054,Ashley,Brown,SCH003,2022,2020-10-11,71.0,-14.0,0,0,2022-09-22,0,2024-07-02,,0,0
100063,James,Garcia,SCH004,2021,2022-03-04,73.4,-11.599999999999994,0,0,2022-06-25,0,2023-05-29,,0,0
100093,Ashley,Moore,SCH005,2022,2021-02-02,85.8,0.7999999999999972,1,1,2022-03-26,1,2022-12-28,2.98,1,1
100102,Maria,Davis,SCH002,2023,2021-11-24,60.5,-24.5,0,0,2021-02-25,0,2021-12-29,,0,0
100103,Michael,Brown,SCH003,2021,2023-01-13,67.0,-18.0,0,0,2021-10-14,0,2022-04-24,,0,0
100110,Daniel,Smith,SCH001,2021,2022-05-13,72.4,-12.599999999999994,0,1,2021-04-22,0,2023-09-15,,0,0
100119,David,Taylor,SCH004,2023,2020-10-10,84.5,-0.5,0,0,2021-04-13,1,2021-11-07,3.77,1,1
100124,James,Brown,SCH003,2023,2022-02-27,92.844138725227,7.844138725226998,1,1,2022-03-31,1,2023-01-17,2.74,1,0
100144,Emily,Johnson,SCH005,2023,2022-01-28,67.9,-17.099999999999994,0,0,2021-07-19,0,2022-12-24,,0,0
100146,Chris,Moore,SCH001,2022,2022-04-20,75.0,-10.0,0,1,2021-09-14,1,2023-12-30,2.85,1,0
100149,Emily,Smith,SCH004,2023,2023-03-21,85.0,0.0,1,1,2022-01-02,1,2024-01-07,2.75,1,1
100157,Maria,Smith,SCH002,2021,2020-09-07,71.0,-14.0,0,0,2023-07-02,0,2023-11-20,,0,0
100164,James,Smith,SCH001,2023,2022-12-29,97.0,12.0,1,0,2022-01-28,0,2022-06-29,,0,0
100172,Sarah,Johnson,SCH001,2023,2021-05-12,83.0,-2.0,0,0,2021-08-09,1,2021-09-17,2.35,1,1
100173,David,Garcia,SCH001,2021,2021-10-10,78.8,-6.200000000000003,0,0,2021-01-12,0,2022-11-20,,1,0
100189,Chris,Brown,SCH005,2023,2023-05-07,84.2,-0.7999999999999972,0,1,2021-12-02,0,2021-11-18,,1,1
100201,Chris,Brown,SCH003,2023,2021-11-01,80.1,-4.900000000000006,0,0,2023-03-16,1,2024-01-31,2.44,1,1
100260,David,Brown,SCH004,2021,2021-04-05,73.1,-11.900000000000006,0,0,2021-12-14,0,2023-01-19,,0,0
100270,David,Taylor,SCH002,2022,2020-10-18,96.3,11.299999999999997,1,1,2022-05-12,1,2021-08-19,2.74,0,0
100281,Sarah,Brown,SCH003,2021,2023-03-18,78.4,-6.599999999999994,0,1,2023-03-09,1,2024-05-21,2.77,1,0
100297,Emily,Miller,SCH001,2022,2020-10-04,80.1,-4.900000000000006,0,0,2023-05-20,1,2023-11-12,2.8,1,1
100311,Ashley,Brown,SCH004,2023,2023-05-06,67.8,-17.200000000000003,0,0,2023-06-25,1,2024-01-18,1.52,0,0
100319,Daniel,Anderson,SCH004,2021,2022-03-01,65.7,-19.299999999999997,0,0,2021-01-08,0,2022-01-15,,0,0
100330,Daniel,Taylor,SCH003,2021,2023-04-12,76.4,-8.599999999999994,0,1,2021-02-10,0,2021-09-26,,1,0
100343,Ashley,Brown,SCH001,2023,2023-01-20,71.0,-14.0,0,0,2021-10-08,0,2023-06-08,,0,0
100380,Daniel,Garcia,SCH001,2021,2022-11-21,75.4,-9.599999999999994,0,0,2023-07-27,0,2021-11-02,,1,0
100393,James,Johnson,SCH004,2023,2020-09-06,74.1,-10.900000000000006,0,0,2023-07-09,1,2023-09-14,2.15,0,0
100404,James,Moore,SCH004,2021,2022-06-23,96.9,11.900000000000006,1,0,2021-03-07,0,2023-07-25,,0,0
100408,Ashley,Smith,SCH004,2021,2021-03-14,92.6,7.599999999999994,1,1,2021-02-24,1,2023-05-17,3.79,1,0
100414,Daniel,Davis,SCH005,2021,2022-09-29,78.2,-6.799999999999997,0,0,2021-03-31,0,2021-10-02,,1,0
100419,Maria,Anderson,SCH004,2023,2021-10-12,98.0,13.0,1,1,2022-10-22,0,2022-03-10,,0,0
100436,Sarah,Anderson,SCH001,2021,2022-05-09,86.2,1.2000000000000028,1,1,2022-01-01,1,2024-04-29,3.32,1,1
100445,Chris,Smith,SCH003,2021,2022-06-15,92.2,7.200000000000003,1,1,2021-08-14,1,2024-06-03,3.07,1,0
100453,James,Garcia,SCH004,2023,2022-12-08,79.8,-5.200000000000003,0,0,2021-08-13,1,2021-12-21,2.9,1,0
100463,Chris,Miller,SCH002,2022,2023-02-05,63.7,-21.299999999999997,0,0,2021-07-27,1,2024-07-15,2.01,0,0
100470,Daniel,Davis,SCH005,2022,2021-07-05,85.5,0.5,1,0,2022-08-14,1,2023-11-04,2.18,1,1
100484,Daniel,Moore,SCH005,2021,2022-04-24,90.1,5.099999999999994,1,1,,0,2023-04-11,,1,0
100545,David,Davis,SCH005,2023,2022-09-01,81.6,-3.4000000000000057,0,0,2021-08-11,1,2022-08-18,2.61,1,1
100576,Ashley,Davis,SCH003,2021,2022-12-18,73.0,-12.0,0,0,2021-01-04,1,,2.6,0,0
100589,Maria,Anderson,SCH003,2023,2022-03-02,90.38998838549045,5.3899883854904544,1,1,2022-08-19,1,2022-09-15,2.6,1,0
100600,Maria,Moore,SCH004,2021,2021-02-17,70.0,-15.0,0,0,2021-08-16,0,2022-07-06,,0,0
100608,Emily,Smith,SCH001,2022,2021-09-11,79.0,-6.0,0,1,2023-05-18,0,2023-07-20,,1,0
100634,Chris,Garcia,SCH004,2021,2023-05-21,66.2,-18.799999999999997,0,0,2022-08-21,0,2024-07-31,,0,0
100650,Chris,Taylor,SCH003,2022,2021-03-17,88.2,3.200000000000003,1,0,2021-01-16,1,2024-07-12,2.42,1,1
100654,Michael,Miller,SCH004,2021,2022-10-14,62.5,-22.5,0,0,2022-11-29,1,2021-10-07,1.24,0,0
100662,Daniel,Miller,UNKNOWN,2023,2021-08-07,77.0,-8.0,0,0,2022-12-17,0,2022-09-10,,1,0
100680,Maria,Miller,SCH001,2023,2021-11-28,73.3,-11.700000000000003,0,0,2021-01-31,0,2023-06-13,,0,0
100685,James,Moore,SCH002,2023,2021-09-19,71.8,-13.200000000000003,0,0,2023-06-01,1,2022-04-22,1.93,0,0
100695,Michael,Smith,SCH004,2022,2021-08-13,87.2,2.200000000000003,1,1,2023-07-12,0,2023-02-25,,1,1
100711,Sarah,Brown,SCH004,2023,2022-02-01,78.7,-6.299999999999997,0,0,2021-08-27,1,2024-02-29,2.65,1,0
100716,Sarah,Smith,SCH005,2023,2021-03-31,57.1,-27.9,0,0,2022-01-01,1,2023-03-29,1.63,0,0
100734,Chris,Miller,SCH001,2023,2021-10-29,53.2,-31.799999999999997,0,0,2021-07-12,0,2024-01-01,,0,0
100737,Emily,Moore,SCH004,2021,2020-11-02,68.5111823730146,-16.488817626985394,0,0,2023-08-20,0,2022-11-08,,0,0
100750,Maria,Brown,SCH003,2022,2022-10-07,78.5,-6.5,0,0,2022-02-15,0,2024-07-14,,1,0
100758,Emily,Wilson,SCH004,2022,2021-10-28,78.4,-6.599999999999994,0,0,2022-10-24,1,2024-06-23,2.46,1,0
100762,Ashley,Garcia,SCH005,2022,2021-12-15,96.4,11.400000000000006,1,1,2022-07-28,1,2023-11-16,2.95,0,0
100780,Maria,Johnson,SCH003,2022,2021-06-09,76.7,-8.299999999999997,0,0,2022-06-11,0,2024-04-15,,1,0
100808,Maria,Taylor,SCH005,2023,2022-02-02,86.1,1.0999999999999943,1,1,2023-01-25,0,2024-06-14,,1,1
100850,James,Moore,SCH005,2021,2022-10-04,66.4,-18.599999999999994,0,0,,0,2023-07-19,,0,0
100878,David,Taylor,SCH004,2022,2022-08-28,80.9,-4.099999999999994,0,0,2023-01-22,0,2023-03-13,,1,1
100888,Emily,Miller,SCH003,2022,2020-12-17,62.8,-22.200000000000003,0,0,2022-10-25,0,2023-07-12,,0,0
100892,Chris,Garcia,SCH002,2023,2023-04-05,79.3,-5.700000000000003,0,0,2021-10-04,0,2024-02-23,,1,0
100903,Emily,Moore,SCH005,2021,2023-05-13,77.3,-7.700000000000003,0,1,2022-05-06,0,2021-12-31,,1,0
100957,Maria,Taylor,SCH001,2021,2021-11-23,75.6,-9.400000000000006,0,0,2022-06-30,1,2022-09-12,2.38,1,0
100971,David,Brown,SCH002,2022,2021-09-09,74.4,-10.599999999999994,0,0,2021-11-07,0,2023-02-09,,0,0
100984,Chris,Wilson,SCH001,2022,2022-11-12,60.8,-24.200000000000003,0,1,2023-02-21,0,2021-11-14,,0,0
100986,Michael,Miller,SCH005,2022,2021-05-02,56.7,-28.299999999999997,0,0,2021-01-24,0,2022-07-26,,0,0
101003,Emily,Brown,SCH003,2022,2020-12-23,82.3,-2.700000000000003,0,1,2023-08-13,1,2022-05-08,2.32,1,1
101007,Daniel,Brown,SCH001,2021,2022-08-10,79.6,-5.400000000000006,0,0,2021-09-23,0,2024-07-16,,1,0
101020,Ashley,Johnson,SCH003,2023,2023-04-27,87.84491211162154,2.8449121116215395,1,1,2021-10-21,0,2024-04-23,,1,1
101030,Michael,Smith,SCH001,2022,2020-12-23,88.5,3.5,1,1,2021-10-22,1,2021-12-14,3.52,1,1
101038,Chris,Wilson,SCH005,2021,2021-01-03,78.6,-6.400000000000006,0,0,2023-03-20,0,2022-08-11,,1,0
101055,Emily,Brown,SCH003,2023,2022-09-26,73.8,-11.200000000000003,0,0,2021-10-07,1,2023-07-24,2.42,0,0
101061,Sarah,Davis,SCH005,2023,2021-11-12,83.00898147053809,-1.9910185294619112,0,0,2021-03-29,0,2022-07-07,,1,1
101074,Ashley,Moore,SCH002,2023,2021-08-15,69.9,-15.099999999999994,0,0,,1,2022-02-27,2.59,0,0
101105,James,Anderson,SCH004,2022,2022-03-13,76.5,-8.5,0,0,2021-07-08,1,2024-08-15,2.61,1,0
101106,Sarah,Taylor,SCH002,2023,2022-02-19,86.6,1.5999999999999943,1,1,2023-02-15,1,2023-12-09,3.79,1,1
101109,Sarah,Anderson,SCH005,2023,2021-02-20,94.9,9.900000000000006,1,1,2022-11-17,0,2022-08-13,,1,0
101113,Daniel,Wilson,SCH002,2023,2021-08-08,77.2,-7.799999999999997,0,1,2021-11-18,1,2024-07-19,2.79,1,0
101162,Emily,Johnson,SCH001,2023,2021-11-01,77.67929790806627,-7.320702091933725,0,0,2021-08-28,0,2023-03-03,,1,0
101194,Michael,Miller,SCH004,2023,2020-12-22,73.56445459642072,-11.435545403579283,0,1,2023-03-31,0,2023-05-14,,0,0
101201,Daniel,Anderson,SCH003,2022,2021-07-06,52.7,-32.3,0,0,2021-07-18,0,2022-03-17,,0,0
101215,David,Anderson,SCH001,2023,2022-04-21,86.8,1.7999999999999972,1,1,2021-02-14,0,2023-06-01,,1,1
101221,Daniel,Johnson,SCH005,2022,2020-12-07,87.78351761630566,2.7835176163056587,1,1,2021-11-11,0,2022-01-26,,1,1
101242,Emily,Miller,SCH002,2021,2022-10-07,65.9,-19.099999999999994,0,0,2022-11-15,0,2022-12-09,,0,0
101254,Sarah,Anderson,SCH004,2023,2020-09-22,85.6,0.5999999999999943,1,1,2021-08-30,0,2023-02-15,,1,1
101287,Ashley,Garcia,SCH005,2022,2021-07-17,74.1,-10.900000000000006,0,0,2022-05-06,0,2023-01-01,,0,0
101296,Taylor,Anderson,SCH003,2022,2023-05-13,70.5,-14.5,0,0,2022-07-20,0,2022-08-26,,0,0
101315,James,Moore,SCH004,2022,2021-11-11,78.7,-6.299999999999997,0,0,2021-04-23,1,2023-08-01,2.54,1,0
101348,Sarah,Davis,SCH002,2023,2021-09-18,95.1,10.099999999999994,1,1,2023-08-31,1,2023-02-21,3.35,0,0
101358,Michael,Wilson,SCH003,2022,2022-12-30,80.4,-4.599999999999994,0,0,2022-07-07,0,2024-05-11,,1,1
101359,James,Moore,SCH002,2022,2021-04-27,72.46877798600975,-12.531222013990245,0,0,2023-07-27,0,2024-05-24,,0,0
101398,Sarah,Smith,SCH002,2022,2022-07-26,81.4,-3.5999999999999943,0,1,2022-08-22,1,2023-08-14,2.99,1,1
101399,Daniel,Smith,SCH003,2022,2020-12-25,80.6,-4.400000000000006,0,0,2021-11-26,0,2021-11-09,,1,1
101417,Maria,Moore,SCH002,2021,2021-02-03,88.2,3.200000000000003,1,1,2023-06-30,0,,,1,1
101490,Maria,Miller,SCH001,2022,2021-05-14,91.7074086304243,6.707408630424297,1,1,2022-05-24,1,2022-02-14,2.82,1,0
101526,Sarah,Taylor,SCH003,2021,2022-05-08,70.1,-14.900000000000006,0,1,2021-09-16,0,2023-02-03,,0,0
101528,Emily,Anderson,SCH004,2023,2021-08-19,73.9,-11.099999999999994,0,1,2022-06-27,0,2023-04-24,,0,0
101532,Daniel,Brown,SCH001,2022,2022-06-01,65.7,-19.299999999999997,0,1,2021-10-26,1,2022-04-10,2.23,0,0
101565,Emily,Johnson,SCH003,2021,2021-04-18,88.0,3.0,1,1,2021-12-27,1,2023-11-04,2.05,1,1
101567,David,Garcia,SCH002,2021,2021-01-31,67.2,-17.799999999999997,0,1,2023-07-28,0,2021-10-20,,0,0
101577,Ashley,Smith,SCH003,2022,2021-05-16,67.8,-17.200000000000003,0,0,2021-02-25,1,2024-01-22,1.97,0,0
101579,Sarah,Anderson,SCH005,2021,2021-07-27,70.2,-14.799999999999997,0,0,2021-04-23,0,2022-06-03,,0,0
101669,Chris,Johnson,SCH003,2022,2023-01-01,92.9,7.900000000000006,1,1,2023-03-07,0,2024-07-12,,1,0
101670,Michael,Davis,SCH003,2021,2023-01-18,74.1,-10.900000000000006,0,0,2021-10-09,1,2024-01-31,2.3,0,0
101687,Michael,Smith,SCH001,2021,2022-07-05,63.8,-21.200000000000003,0,0,2021-09-20,1,2023-11-21,1.57,0,0
101691,Michael,Smith,SCH002,2023,2023-03-26,80.1,-4.900000000000006,0,1,2023-01-30,1,2022-06-09,2.54,1,1
101708,Daniel,Davis,SCH003,2023,2022-06-24,71.1,-13.900000000000006,0,0,2022-05-28,0,2024-08-15,,0,0
101743,Ashley,Garcia,SCH003,2021,2022-04-30,68.9,-16.099999999999994,0,0,2021-07-13,0,,,0,0
101748,Chris,Wilson,SCH003,2023,2022-11-12,69.0,-16.0,0,0,2021-12-14,0,2022-07-10,,0,0
101789,Emily,Davis,SCH005,2022,2021-11-29,100.0,15.0,1,1,2021-02-07,0,2023-02-20,,0,0
101812,Michael,Taylor,SCH004,2022,2021-11-04,67.7,-17.299999999999997,0,0,2022-01-06,0,2023-10-06,,0,0
101814,Taylor,Garcia,SCH004,2021,2022-10-10,72.1,-12.900000000000006,0,0,2022-03-03,1,2022-10-24,1.53,0,0
101824,Ashley,Davis,SCH003,2023,2021-10-20,67.1,-17.900000000000006,0,0,2021-06-09,0,2021-10-23,,0,0
101838,Ashley,Moore,SCH002,2021,2021-08-14,57.0,-28.0,0,0,2021-08-03,1,2022-05-20,1.77,0,0
101869,James,Moore,SCH003,2023,2022-04-04,84.7,-0.29999999999999716,0,1,2023-08-04,0,2024-07-10,,1,1
101870,James,Anderson,SCH001,2023,2020-09-21,74.7,-10.299999999999997,0,0,2022-08-29,0,2024-02-18,,0,0
101901,Daniel,Miller,SCH001,2022,2023-04-30,93.0,8.0,1,1,2021-08-18,0,2023-07-01,,1,0
101930,Ashley,Taylor,SCH002,2022,2022-07-04,80.8,-4.200000000000003,0,1,2021-06-24,1,2022-12-08,3.09,1,1
101970,Chris,Wilson,SCH002,2023,2022-01-22,70.3,-14.700000000000003,0,0,2023-07-21,0,2024-06-14,,0,0
100001,James,Taylor,SCH003,2022,2021-02-27,75.9,-9.099999999999994,0,0,2021-10-04,0,2022-11-11,,1,0
100050,Taylor,Miller,SCH005,2023,2021-09-14,66.4,-18.599999999999994,0,0,2022-08-22,0,2024-03-26,,0,0
100052,David,Smith,SCH004,2021,2021-06-30,56.7,-28.299999999999997,0,0,2022-09-22,0,2022-05-21,,0,0
100057,David,Wilson,SCH003,2022,2023-04-07,86.2,1.2000000000000028,1,1,2021-06-19,1,2023-01-20,3.79,1,1
100067,Chris,Miller,SCH003,2023,2020-09-29,84.7,-0.29999999999999716,0,0,,1,2022-12-30,2.5,1,1
100071,James,Wilson,SCH004,2022,2023-02-17,82.3,-2.700000000000003,0,0,2021-11-17,0,2022-08-30,,1,1
100107,Sarah,Johnson,SCH004,2021,2021-12-19,84.3,-0.7000000000000028,0,0,2023-05-31,0,2023-02-05,,1,1
100122,Ashley,Miller,SCH002,2022,2021-10-17,65.0,-20.0,0,0,2021-05-27,0,2022-08-20,,0,0
100142,Ashley,Taylor,SCH002,2021,2022-04-20,70.9,-14.099999999999994,0,0,2021-06-23,0,2022-11-08,,0,0
100155,Maria,Johnson,SCH001,2021,2020-12-22,75.7,-9.299999999999997,0,0,2023-04-15,1,2022-04-17,2.67,1,0
100177,Ashley,Johnson,SCH005,2022,2022-04-05,89.74608055993673,4.746080559936729,1,1,2022-04-17,1,2023-12-12,2.83,1,1
100186,James,Smith,SCH002,2021,2022-11-09,69.0,-16.0,0,0,2023-01-19,0,2023-12-09,,0,0
100198,James,Moore,SCH004,2021,2022-10-02,76.5950513565118,-8.404948643488197,0,0,2022-08-02,1,2024-08-22,2.92,1,0
100206,Chris,Taylor,SCH002,2023,2020-11-15,66.5,-18.5,0,0,2022-07-24,1,2024-03-11,2.6,0,0
100226,Michael,Wilson,SCH005,2022,2022-11-29,77.9,-7.099999999999994,0,0,2022-12-28,0,2021-12-24,,1,0
100227,Emily,Moore,SCH005,2021,2022-11-24,79.1,-5.900000000000006,0,0,,0,2024-08-14,,1,0
100238,Maria,Smith,SCH003,2023,2022-04-08,87.9,2.9000000000000057,1,0,2022-02-10,0,2022-02-26,,1,1
100261,Maria,Smith,SCH001,2023,2021-05-20,64.9,-20.099999999999994,0,0,2023-06-05,0,2024-08-07,,0,0
100304,Taylor,Anderson,SCH003,2021,2021-06-28,96.7,11.700000000000003,1,1,2022-05-12,0,2023-05-18,,0,0
100307,Michael,Anderson,SCH001,2023,2022-05-20,76.0,-9.0,0,0,2022-03-11,0,2022-02-25,,1,0
100332,Emily,Wilson,SCH001,2022,2022-07-06,88.7,3.700000000000003,1,0,2022-07-14,0,2023-12-12,,1,1
100341,Emily,Wilson,SCH003,2021,2021-11-06,90.2,5.200000000000003,1,1,2021-05-15,1,2022-08-23,2.75,1,0
100362,Daniel,Smith,SCH001,2022,2021-11-14,69.0,-16.0,0,0,2023-05-04,0,2022-09-02,,0,0
100363,Sarah,Wilson,SCH002,2022,2021-07-14,73.7,-11.299999999999997,0,0,2023-02-21,1,2023-12-12,2.18,0,0
100383,Maria,Anderson,SCH005,2023,2023-01-23,75.3,-9.700000000000003,0,0,2021-07-27,0,2023-01-09,,1,0
100384,Sarah,Smith,SCH003,2021,2020-10-11,90.1,5.099999999999994,1,0,2021-10-21,0,2022-10-10,,1,0
100417,Chris,Anderson,SCH001,2022,2021-05-11,65.5,-19.5,0,0,2023-04-08,0,2023-09-03,,0,0
100433,David,Davis,SCH002,2021,2023-03-26,91.2,6.200000000000003,1,1,2021-01-02,1,2023-10-28,2.32,1,0
100467,Taylor,Brown,SCH005,2022,2023-02-23,65.1,-19.900000000000006,0,1,2021-01-28,1,2022-12-14,3.03,0,0
100474,Sarah,Miller,UNKNOWN,2023,2021-01-25,69.9,-15.099999999999994,0,0,2023-07-25,0,2022-06-12,,0,0
100514,Daniel,Johnson,SCH003,2022,2022-06-08,76.5,-8.5,0,0,2021-08-15,0,2023-07-19,,1,0
100528,Maria,Taylor,SCH005,2022,2022-01-21,81.7,-3.299999999999997,0,0,2021-01-06,0,2022-07-18,,1,1
100531,David,Brown,SCH002,2021,2022-08-29,70.1,-14.900000000000006,0,0,2021-12-28,0,2023-11-14,,0,0
100538,Emily,Anderson,SCH001,2023,2022-10-14,70.5,-14.5,0,0,2021-06-15,1,2022-10-14,1.92,0,0
100571,Michael,Anderson,SCH003,2021,2022-01-09,64.5,-20.5,0,0,2022-05-18,1,2021-09-30,2.14,0,0
100584,Sarah,Taylor,SCH002,2023,2021-12-23,69.22874446784117,-15.771255532158833,0,0,2023-03-11,0,2022-09-20,,0,0
100586,Sarah,Moore,SCH003,2021,2022-10-18,73.4,-11.599999999999994,0,0,2021-04-26,1,2023-04-04,2.55,0,0
100621,Daniel,Johnson,SCH002,2022,2021-07-06,100.0,15.0,1,1,2022-03-23,1,2023-11-28,3.75,0,0
100631,Ashley,Davis,SCH004,2023,2023-05-31,91.0,6.0,1,1,2023-06-29,1,2022-11-07,2.15,1,0
100637,David,Smith,SCH005,2023,2020-09-13,79.2,-5.799999999999997,0,0,2023-07-31,1,2021-11-27,2.72,1,0
100645,Emily,Smith,SCH004,2023,2021-10-04,92.2,7.200000000000003,1,1,2021-08-10,1,2024-03-27,3.16,1,0
100678,James,Moore,SCH004,2021,2021-02-14,73.1,-11.900000000000006,0,0,2022-10-13,1,2023-11-12,1.79,0,0
100688,Ashley,Anderson,SCH001,2022,2022-10-04,88.9,3.9000000000000057,1,1,2022-03-11,0,2022-06-27,,1,1
100715,Maria,Miller,SCH002,2023,2022-10-19,90.4,5.400000000000006,1,1,2022-11-17,0,2024-02-13,,1,0
100736,Chris,Johnson,SCH004,2021,2022-08-13,71.2,-13.799999999999997,0,0,2022-12-19,0,2022-07-30,,0,0
100746,Chris,Brown,SCH004,2023,2022-05-20,96.5,11.5,1,1,2021-01-29,1,2024-04-26,2.87,0,0
100757,James,Anderson,SCH005,2023,2021-06-15,75.3,-9.700000000000003,0,0,2023-03-06,1,2023-09-23,2.21,1,0
100772,Maria,Johnson,SCH003,2021,2022-07-11,88.4,3.4000000000000057,1,1,2022-10-19,1,2024-06-06,3.6,1,1
100777,Taylor,Miller,SCH004,2022,2021-12-06,87.5,2.5,1,1,2023-01-04,1,2022-11-24,2.64,1,1
100809,David,Miller,SCH002,2022,2021-12-29,73.4,-11.599999999999994,0,0,2023-04-20,0,2024-07-04,,0,0
100815,Chris,Taylor,SCH001,2021,2020-09-17,58.9,-26.1,0,0,2022-03-22,0,2024-08-28,,0,0
100828,Sarah,Miller,SCH002,2022,2022-06-24,69.6,-15.400000000000006,0,0,2022-03-11,0,2023-11-25,,0,0
100904,Sarah,Taylor,SCH005,2021,2022-09-01,86.5,1.5,1,1,2021-08-21,0,2024-06-22,,1,1
100932,Ashley,Garcia,SCH004,2021,2023-04-02,92.1508288425299,7.150828842529904,1,1,2021-04-14,1,2022-01-05,2.88,1,0
100948,David,Johnson,SCH001,2021,2023-06-08,87.0613587225717,2.061358722571697,1,1,2023-07-28,1,2021-12-18,2.46,1,1
100983,David,Taylor,SCH002,2021,2021-04-23,72.8,-12.200000000000003,0,0,2023-06-17,0,2022-07-17,,0,0
100991,Ashley,Moore,SCH002,2023,2021-07-14,78.8,-6.200000000000003,0,0,2021-05-20,1,2024-07-12,2.31,1,0
100993,Sarah,Wilson,SCH005,2021,2023-01-15,100.0,15.0,1,1,2023-02-04,0,2022-01-19,,0,0
100995,Emily,Smith,SCH004,2022,2021-10-07,83.8,-1.2000000000000028,0,0,2021-08-19,1,2024-08-24,2.98,1,1
101024,Maria,Wilson,SCH001,2022,2021-07-29,95.8,10.799999999999997,1,1,2023-07-02,0,2021-08-10,,0,0
101051,Ashley,Garcia,SCH005,2022,2022-01-07,89.9,4.900000000000006,1,1,,0,2023-04-19,,1,1
101067,Sarah,Wilson,SCH005,2021,2023-05-07,82.7,-2.299999999999997,0,1,2023-01-14,0,2021-12-02,,1,1
101084,Michael,Garcia,SCH004,2023,2022-06-28,66.7,-18.299999999999997,0,0,2021-03-10,0,2021-11-03,,0,0
101112,Sarah,Brown,UNKNOWN,2023,2022-04-13,65.2,-19.799999999999997,0,0,2021-09-13,0,2023-04-12,,0,0
101126,Maria,Wilson,SCH004,2023,2021-09-11,63.2,-21.799999999999997,0,0,2023-06-05,0,2022-05-31,,0,0
101127,Maria,Garcia,SCH003,2021,2022-10-20,66.5,-18.5,0,0,2022-07-30,0,,,0,0
101128,Sarah,Miller,SCH002,2023,2021-07-11,74.2,-10.799999999999997,0,0,2023-05-29,0,2023-04-03,,0,0
101147,Chris,Wilson,SCH004,2022,2022-06-11,70.0,-15.0,0,0,2022-04-30,0,2023-07-17,,0,0
101150,Daniel,Garcia,SCH001,2021,2022-09-12,78.6,-6.400000000000006,0,0,2023-04-03,0,2024-01-28,,1,0
101164,Sarah,Johnson,SCH001,2022,2022-06-26,64.0,-21.0,0,0,2023-06-16,0,2024-06-10,,0,0
101169,Maria,Miller,SCH001,2023,2021-05-21,63.6,-21.4,0,1,2021-11-24,1,2024-08-07,1.57,0,0
101170,Taylor,Davis,SCH001,2022,2021-07-10,83.7,-1.2999999999999972,0,0,2021-02-24,1,2021-10-01,2.35,1,1
101182,Emily,Wilson,SCH001,2023,2022-05-13,77.6,-7.400000000000006,0,0,2021-11-18,0,2022-02-01,,1,0
101209,James,Garcia,UNKNOWN,2021,2021-02-24,71.8,-13.200000000000003,0,0,2021-03-02,0,,,0,0
101248,Daniel,Miller,SCH002,2022,2021-11-20,73.6,-11.400000000000006,0,0,2023-07-06,0,2021-12-22,,0,0
101253,Taylor,Brown,SCH004,2023,2022-07-12,79.3,-5.700000000000003,0,1,2022-11-13,1,2022-07-22,2.3,1,0
101271,Sarah,Anderson,SCH003,2022,2023-02-05,83.6,-1.4000000000000057,0,0,2022-11-03,1,2022-03-19,2.5,1,1
101281,David,Miller,SCH005,2021,2022-07-31,87.0,2.0,1,0,2023-01-09,1,2023-10-01,3.03,1,1
101283,Ashley,Wilson,SCH004,2022,2022-03-14,77.5,-7.5,0,0,2022-12-02,0,2024-07-28,,1,0
101335,Emily,Garcia,SCH003,2022,2022-06-22,70.5,-14.5,0,0,2021-09-22,0,2023-06-19,,0,0
101369,Ashley,Brown,SCH002,2022,2021-05-18,67.9,-17.099999999999994,0,0,2023-05-11,0,2024-01-12,,0,0
101384,Taylor,Smith,SCH003,2023,2022-02-15,68.7,-16.299999999999997,0,0,,0,2021-08-04,,0,0
101386,Maria,Johnson,SCH003,2021,2023-05-18,76.7,-8.299999999999997,0,0,2023-04-18,0,2024-07-26,,1,0
101390,Sarah,Garcia,SCH003,2021,2022-11-26,76.1,-8.900000000000006,0,0,2021-03-15,1,2024-01-01,1.82,1,0
101433,David,Wilson,SCH005,2022,2021-11-15,84.7,-0.29999999999999716,0,0,2021-10-04,0,2022-09-27,,1,1
101515,Michael,Moore,SCH004,2021,2023-03-10,83.0,-2.0,0,0,2021-07-02,1,2023-07-05,2.43,1,1
101518,Daniel,Wilson,SCH005,2021,2022-12-01,82.4,-2.5999999999999943,0,0,2021-04-21,0,2022-07-28,,1,1
101574,Michael,Moore,SCH005,2022,2022-04-09,89.7,4.700000000000003,1,1,2021-12-31,1,2023-03-28,2.42,1,1
101600,Sarah,Anderson,SCH001,2022,2022-04-10,77.2,-7.799999999999997,0,0,2021-05-18,0,2023-02-10,,1,0
101612,Daniel,Garcia,SCH005,2021,2023-04-14,73.1,-11.900000000000006,0,0,2021-11-19,0,2022-01-09,,0,0
101613,Chris,Moore,SCH001,2021,2020-10-30,80.8,-4.200000000000003,0,0,2021-03-13,1,2024-08-14,3.0,1,1
101627,Daniel,Taylor,SCH003,2023,2023-04-17,68.40701884395048,-16.592981156049518,0,0,2021-01-03,0,2023-10-22,,0,0
101684,Chris,Garcia,SCH005,2021,2021-05-10,80.7,-4.299999999999997,0,0,2021-03-21,0,2022-09-21,,1,1
101693,James,Taylor,SCH002,2022,2020-09-24,67.5,-17.5,0,0,2022-05-17,0,2023-10-14,,0,0
101699,Taylor,Smith,SCH003,2022,2021-12-01,75.2,-9.799999999999997,0,0,2021-10-15,1,2022-08-21,2.63,1,0
101751,Ashley,Wilson,SCH004,2021,2021-12-21,100.0,15.0,1,1,,0,2023-10-29,,0,0
101773,Taylor,Garcia,SCH003,2023,2022-09-01,87.3,2.299999999999997,1,0,2021-06-23,1,2022-06-23,2.83,1,1
101785,Sarah,Davis,SCH001,2021,2023-01-09,78.6,-6.400000000000006,0,0,2022-10-12,0,2024-09-01,,1,0
101805,Emily,Moore,SCH001,2023,2021-10-09,64.0,-21.0,0,0,2022-08-05,0,2024-02-21,,0,0
101815,Michael,Brown,SCH002,2022,2022-08-11,72.0,-13.0,0,0,2021-06-30,0,2023-08-25,,0,0
101825,David,Anderson,SCH003,2021,2022-01-18,76.2,-8.799999999999997,0,0,2022-12-11,1,2023-01-09,2.75,1,0
101861,Taylor,Davis,SCH004,2022,2022-08-01,80.6,-4.400000000000006,0,0,,0,2023-07-14,,1,1
101863,Ashley,Garcia,SCH004,2021,2021-03-29,75.8,-9.200000000000003,0,0,2021-01-15,0,2021-09-02,,1,0
101879,James,Wilson,SCH004,2023,2020-09-03,77.8,-7.200000000000003,0,0,2021-05-15,0,2024-04-23,,1,0
101887,Michael,Taylor,SCH001,2022,2021-03-03,97.4,12.400000000000006,1,0,2021-11-20,1,2023-06-08,2.72,0,0
101915,Chris,Johnson,SCH001,2021,2023-05-19,83.1,-1.9000000000000057,0,0,2022-10-11,0,2024-06-30,,1,1
101934,Michael,Moore,SCH001,2023,2022-02-17,84.0,-1.0,0,0,2023-06-24,0,2023-05-19,,1,1
101942,Taylor,Miller,SCH003,2022,2020-12-02,70.8,-14.200000000000003,0,1,2022-07-08,0,2022-08-03,,0,0
101969,Daniel,Davis,SCH004,2023,2020-12-02,83.0,-2.0,0,0,2023-02-18,1,2024-01-01,2.09,1,1
101976,Sarah,Garcia,SCH002,2022,2021-12-25,75.6,-9.400000000000006,0,0,2023-08-21,0,2024-07-07,,1,0
101983,Daniel,Brown,SCH002,2022,2023-07-09,63.521925564576364,-21.478074435423636,0,0,2021-01-11,1,2022-06-08,2.45,0,0
101997,Emily,Brown,SCH003,2022,2022-05-14,65.8,-19.200000000000003,0,0,2023-01-07,0,2023-05-20,,0,0
100002,David,Taylor,SCH003,2023,2023-01-01,51.9,-33.1,0,1,,1,2023-06-24,,0,0
100003,David,Moore,SCH005,2021,2021-02-24,78.4,-6.599999999999994,0,0,2023-05-14,0,2021-08-05,,1,0
100008,Michael,Wilson,SCH003,2022,2021-07-29,70.60081751394273,-14.39918248605727,0,0,2022-02-11,0,2022-01-31,,0,0
100024,Sarah,Davis,SCH004,2021,2023-01-29,86.4,1.4000000000000057,1,1,2022-10-09,0,2022-09-17,,1,1
100027,Emily,Wilson,SCH003,2021,2022-03-20,88.9,3.9000000000000057,1,1,2022-10-12,0,2024-05-05,,1,1
100036,Daniel,Johnson,SCH001,2021,2022-01-12,90.2,5.200000000000003,1,1,2022-05-20,0,2022-03-10,,1,0
100058,Sarah,Moore,SCH003,2023,2021-06-21,74.1,-10.900000000000006,0,0,2023-08-03,0,2022-03-20,,0,0
100060,Chris,Garcia,SCH003,2022,2021-11-29,83.2,-1.7999999999999972,0,0,2021-09-13,0,2023-03-19,,1,1
100061,David,Wilson,SCH004,2021,2021-05-28,70.3,-14.700000000000003,0,1,2021-09-02,0,2023-01-12,,0,0
100079,Michael,Anderson,SCH001,2022,2023-01-17,76.4,-8.599999999999994,0,0,2022-07-09,0,2022-09-28,,1,0
100081,Taylor,Wilson,SCH003,2021,2021-08-09,69.1,-15.900000000000006,0,0,2022-03-04,0,2024-02-23,,0,0
100087,Ashley,Garcia,SCH004,2022,2020-12-17,66.9,-18.099999999999994,0,0,2022-08-19,0,2023-09-20,,0,0
100105,James,Smith,SCH002,2021,2021-12-28,95.3,10.299999999999997,1,1,2023-07-08,1,2022-01-26,2.08,0,0
100112,Sarah,Johnson,SCH001,2022,2020-09-19,68.1,-16.900000000000006,0,0,2023-06-01,1,2022-02-24,1.71,0,0
100127,Michael,Johnson,SCH001,2022,2022-08-05,77.2,-7.799999999999997,0,1,2022-12-20,0,2024-05-08,,1,0
100132,Taylor,Anderson,SCH005,2023,2022-11-08,78.0,-7.0,0,0,2023-06-04,1,2021-12-06,2.63,1,0
100138,Chris,Garcia,SCH002,2021,2021-08-21,61.4,-23.6,0,0,2023-05-08,0,2021-10-26,,0,0
100185,Ashley,Anderson,SCH002,2021,2021-08-28,52.5,-32.5,0,0,2021-08-09,0,2021-11-02,,0,0
100188,Michael,Smith,SCH001,2022,2021-04-26,74.9,-10.099999999999994,0,0,2021-03-19,1,2023-07-20,1.96,0,0
100196,Daniel,Johnson,SCH005,2021,2021-01-03,78.1,-6.900000000000006,0,0,2021-12-20,1,2024-05-17,,1,0
100216,Emily,Taylor,SCH001,2021,2021-01-09,62.4,-22.6,0,0,2021-08-28,1,2022-10-29,1.63,0,0
100251,James,Taylor,SCH001,2023,2021-10-05,72.1,-12.900000000000006,0,1,2021-11-10,0,2023-09-12,,0,0
100256,Sarah,Anderson,SCH005,2022,2022-11-25,76.2,-8.799999999999997,0,0,2021-12-08,1,2022-08-08,2.92,1,0
100266,Michael,Smith,UNKNOWN,2023,2023-01-29,88.5,3.5,1,0,2022-01-17,1,2023-08-06,2.11,1,1
100294,Michael,Wilson,SCH002,2021,2022-07-16,85.7,0.7000000000000028,1,0,2023-07-06,0,2023-02-21,,1,1
100301,Emily,Davis,SCH003,2022,2022-06-26,74.3,-10.700000000000003,0,0,2022-07-26,0,2022-01-01,,0,0
100302,Michael,Smith,UNKNOWN,2022,2021-08-22,79.5,-5.5,0,0,2021-10-25,0,2022-03-12,,1,0
100308,James,Wilson,SCH002,2022,2020-11-10,69.2,-15.799999999999997,0,0,2021-03-09,0,2021-09-20,,0,0
100313,Daniel,Wilson,SCH001,2023,2022-02-08,80.5,-4.5,0,1,2022-08-31,0,2021-08-04,,1,1
100317,Ashley,Brown,SCH001,2022,2022-08-26,84.2,-0.7999999999999972,0,0,2022-12-25,1,2022-06-10,2.27,1,1
100318,Sarah,Taylor,SCH001,2021,2022-11-06,62.1,-22.9,0,0,2021-10-03,0,2022-06-12,,0,0
100325,Ashley,Davis,SCH004,2022,2021-11-18,67.9,-17.099999999999994,0,0,2022-07-06,0,2022-04-19,,0,0
100329,Ashley,Anderson,SCH003,2022,2021-07-31,81.5,-3.5,0,0,2022-09-01,1,2022-06-12,2.64,1,1
100422,Michael,Miller,SCH004,2022,2022-12-01,76.1,-8.900000000000006,0,0,2021-06-03,1,,2.22,1,0
100507,Michael,Johnson,SCH002,2023,2023-03-13,56.9,-28.1,0,0,2023-03-09,0,2022-04-11,,0,0
100541,Michael,Moore,SCH003,2023,2022-10-02,60.2,-24.799999999999997,0,0,2021-06-19,0,2023-11-20,,0,0
100551,Taylor,Taylor,SCH004,2022,2021-03-31,97.1,12.099999999999994,1,1,2022-10-07,1,2023-11-27,3.33,0,0
100570,Chris,Smith,SCH005,2023,2022-09-07,74.5,-10.5,0,0,2021-06-18,1,2022-06-26,1.65,0,0
100582,Maria,Anderson,SCH002,2023,2021-12-07,78.9,-6.099999999999994,0,0,2023-05-29,1,2021-08-19,2.38,1,0
100615,David,Miller,SCH001,2021,2022-08-02,64.1,-20.900000000000006,0,0,2022-06-26,0,2024-01-24,,0,0
100677,Maria,Brown,SCH005,2023,2021-06-10,77.0,-8.0,0,0,2023-03-17,1,2022-10-24,2.25,1,0
100681,Michael,Smith,SCH003,2023,2021-05-14,80.1,-4.900000000000006,0,0,2021-10-17,1,2023-02-16,2.67,1,1
100684,Taylor,Taylor,SCH004,2023,2021-07-18,87.1,2.0999999999999943,1,1,2022-02-12,0,2022-07-12,,1,1
100702,Emily,Davis,SCH003,2022,2022-03-31,46.8,-38.2,0,0,2022-12-25,0,2023-03-19,,0,0
100729,Maria,Taylor,SCH004,2021,2021-11-02,100.0,15.0,1,1,2022-07-28,1,2022-07-01,3.34,0,0
100776,Chris,Garcia,SCH003,2023,2020-10-14,78.5,-6.5,0,0,2022-06-15,0,2022-11-28,,1,0
100778,Maria,Miller,SCH005,2023,2020-09-24,64.2,-20.799999999999997,0,0,2023-06-29,1,2024-08-24,1.5,0,0
100830,James,Brown,SCH002,2022,2022-06-14,75.6,-9.400000000000006,0,0,2022-02-11,0,2023-02-19,,1,0
100855,David,Davis,SCH004,2023,2022-10-25,78.2,-6.799999999999997,0,0,2021-08-05,0,2023-10-28,,1,0
100864,Michael,Anderson,SCH005,2021,2021-08-24,88.7,3.700000000000003,1,0,2023-03-24,1,2022-01-02,2.11,1,1
100866,Sarah,Anderson,SCH003,2023,2021-10-25,97.8,12.799999999999997,1,1,2023-06-08,1,2023-04-18,2.44,0,0
100897,Emily,Anderson,SCH004,2022,2021-11-24,86.6,1.5999999999999943,1,1,2023-07-12,1,2022-02-20,3.39,1,1
100917,David,Wilson,SCH001,2022,2022-05-04,79.07752088006087,-5.922479119939126,0,0,2023-02-09,0,2022-12-26,,1,0
100933,Chris,Garcia,SCH001,2023,2022-09-07,92.4,7.400000000000006,1,0,2023-03-16,1,2023-09-06,2.58,1,0
100956,James,Miller,SCH003,2021,2021-06-18,78.4,-6.599999999999994,0,0,2022-09-22,1,2023-09-19,2.11,1,0
100979,Michael,Garcia,SCH002,2022,2022-11-05,85.1,0.09999999999999432,1,1,2023-04-12,1,2024-02-07,2.54,1,1
101000,Michael,Garcia,SCH004,2023,2021-12-05,78.2,-6.799999999999997,0,1,2023-01-06,1,2023-08-29,1.85,1,0
101058,Daniel,Brown,SCH002,2021,2023-02-01,71.9,-13.099999999999994,0,0,2022-12-29,0,2023-07-20,,0,0
101134,Daniel,Johnson,SCH001,2022,2020-11-22,83.4,-1.5999999999999943,0,0,2022-11-27,0,2023-10-02,,1,1
101135,Emily,Garcia,SCH001,2021,2021-09-26,66.8,-18.200000000000003,0,0,2023-01-29,0,2023-12-11,,0,0
101143,Daniel,Brown,SCH004,2022,2021-08-01,67.8,-17.200000000000003,0,0,2023-04-18,0,2022-05-30,,0,0
101148,Sarah,Smith,SCH003,2023,2021-12-11,80.6,-4.400000000000006,0,0,2022-07-31,1,2023-05-10,2.75,1,1
101191,Michael,Taylor,SCH003,2023,2020-10-28,78.0,-7.0,0,1,2022-01-30,0,2021-08-26,,1,0
101203,Maria,Moore,SCH004,2023,2022-07-17,91.7,6.700000000000003,1,1,2023-01-23,1,2021-08-15,3.25,1,0
101218,Maria,Wilson,SCH004,2022,2021-12-26,95.6,10.599999999999994,1,1,2022-11-20,1,2024-06-04,3.11,0,0
101259,Taylor,Anderson,SCH002,2023,2021-05-21,78.4,-6.599999999999994,0,1,2021-07-01,0,2021-10-07,,1,0
101310,Ashley,Taylor,SCH002,2022,2022-08-08,96.0,11.0,1,1,2021-08-03,1,2024-03-27,2.66,0,0
101313,Emily,Johnson,SCH001,2022,2022-01-03,63.2,-21.799999999999997,0,0,2023-08-24,0,2024-02-29,,0,0
101329,Taylor,Smith,SCH003,2023,2021-02-03,82.5,-2.5,0,0,2022-02-06,1,2023-07-09,3.19,1,1
101337,Sarah,Miller,SCH001,2022,2022-08-09,74.8,-10.200000000000003,0,0,2021-05-13,1,2024-06-24,2.61,0,0
101344,David,Wilson,SCH005,2022,2021-05-19,61.4,-23.6,0,0,2023-08-04,1,2024-08-08,2.61,0,0
101346,Maria,Brown,SCH005,2022,2022-11-09,82.0,-3.0,0,0,2022-06-06,1,2022-03-13,,1,1
101347,Daniel,Davis,SCH001,2022,2021-04-05,87.6,2.5999999999999943,1,1,2022-01-21,1,2023-05-15,2.59,1,1
101355,Chris,Miller,UNKNOWN,2023,2021-07-26,88.2,3.200000000000003,1,0,2021-05-23,1,2022-05-29,2.48,1,1
101361,David,Wilson,SCH002,2021,2021-05-18,75.6,-9.400000000000006,0,0,2022-02-16,1,2023-11-23,2.16,1,0
101365,Ashley,Davis,SCH003,2023,2020-12-03,75.6,-9.400000000000006,0,0,2022-05-09,1,2023-07-12,1.54,1,0
101368,Ashley,Miller,SCH005,2022,2020-09-14,85.8,0.7999999999999972,1,1,2022-07-13,1,2022-02-17,2.91,1,1
101371,Maria,Anderson,UNKNOWN,2022,2023-05-10,86.4,1.4000000000000057,1,1,2022-12-06,0,2021-09-25,,1,1
101387,Chris,Wilson,SCH001,2022,2020-10-27,77.0,-8.0,0,0,2022-12-03,0,2023-02-15,,1,0
101388,James,Johnson,SCH003,2023,2023-01-20,97.5785633831023,12.578563383102306,1,1,2023-04-05,1,2022-01-05,2.7,0,0
101393,Maria,Wilson,SCH001,2023,2021-01-27,60.4,-24.6,0,0,2021-11-28,1,2024-01-07,1.57,0,0
101397,Maria,Brown,SCH002,2023,2022-07-05,79.0,-6.0,0,0,2022-09-24,0,2022-10-25,,1,0
101401,Sarah,Davis,SCH002,2021,2022-07-28,77.4,-7.599999999999994,0,0,,0,2022-11-15,,1,0
101422,Daniel,Brown,SCH003,2022,2021-06-19,70.1,-14.900000000000006,0,0,2023-06-25,0,2022-11-22,,0,0
101458,Daniel,Miller,SCH005,2023,2021-11-27,79.1,-5.900000000000006,0,0,2021-06-01,1,2024-07-26,2.62,1,0
101492,Chris,Davis,SCH004,2023,2023-05-07,81.5,-3.5,0,0,2021-08-11,0,2022-03-03,,1,1
101499,David,Johnson,SCH005,2021,2021-02-15,83.4,-1.5999999999999943,0,0,2021-12-29,0,2024-04-09,,1,1
101566,Michael,Wilson,SCH005,2023,2022-11-07,79.2,-5.799999999999997,0,0,2021-08-21,0,2023-12-04,,1,0
101602,Daniel,Taylor,SCH004,2021,2022-01-04,69.3,-15.700000000000003,0,0,2023-01-28,0,2023-07-11,,0,0
101645,James,Garcia,SCH004,2022,2021-03-23,85.9,0.9000000000000057,1,1,2022-12-24,1,2022-04-24,3.15,1,1
101651,David,Brown,SCH004,2021,2021-10-28,77.3,-7.700000000000003,0,0,2023-02-26,0,2023-08-22,,1,0
101675,Emily,Brown,SCH004,2022,2021-06-02,91.3,6.299999999999997,1,0,2022-11-08,1,2022-08-08,2.22,1,0
101712,Michael,Wilson,SCH001,2023,2022-09-03,64.0,-21.0,0,0,2022-08-07,0,2022-08-27,,0,0
101719,Taylor,Wilson,SCH002,2021,2021-10-06,71.8,-13.200000000000003,0,0,2023-02-22,1,2022-01-24,2.26,0,0
101726,David,Wilson,SCH005,2021,2021-03-07,75.6,-9.400000000000006,0,0,2023-07-01,0,2024-01-26,,1,0
101791,David,Taylor,SCH005,2021,2020-10-15,70.9,-14.099999999999994,0,0,2021-07-19,0,2022-04-08,,0,0
101808,Chris,Brown,SCH003,2022,2022-08-22,76.3,-8.700000000000003,0,1,2023-08-27,0,2022-10-14,,1,0
101817,Ashley,Smith,SCH002,2022,2023-03-03,100.0,15.0,1,0,2023-05-31,1,2022-11-19,3.52,0,0
101840,Michael,Miller,SCH002,2021,2021-01-13,87.9,2.9000000000000057,1,0,2023-08-25,1,2024-03-06,2.64,1,1
101850,Ashley,Moore,SCH001,2022,2023-04-09,69.2,-15.799999999999997,0,0,2023-03-02,0,2021-10-05,,0,0
101859,Daniel,Davis,SCH001,2021,2021-11-28,89.0,4.0,1,1,2021-08-15,0,2022-11-06,,1,1
101867,Emily,Wilson,SCH005,2021,2022-04-21,85.7,0.7000000000000028,1,1,2022-08-09,0,2022-01-29,,1,1
101876,David,Miller,SCH004,2022,2022-04-19,69.6,-15.400000000000006,0,0,2022-02-25,0,2023-04-27,,0,0
101919,Ashley,Smith,SCH001,2021,2021-10-01,73.6,-11.400000000000006,0,0,2023-06-06,0,2022-10-17,,0,0
101922,Ashley,Garcia,SCH003,2021,2022-08-03,65.4,-19.599999999999994,0,0,2021-08-27,1,2021-12-17,1.8,0,0
101932,Taylor,Davis,SCH002,2021,2023-04-02,84.4,-0.5999999999999943,0,0,2021-04-30,0,2022-06-17,,1,1
101954,James,Wilson,SCH005,2021,2021-05-06,69.2,-15.799999999999997,0,0,2021-12-02,0,2023-03-20,,0,0
101958,James,Anderson,SCH003,2021,2023-02-03,93.2,8.200000000000003,1,1,2023-03-24,0,2022-10-28,,1,0
101965,Daniel,Garcia,SCH003,2022,2022-03-28,74.1,-10.900000000000006,0,0,2022-11-03,0,2021-08-07,,0,0
101972,Chris,Smith,SCH001,2021,2021-12-03,60.4,-24.6,0,0,2022-10-28,0,2022-08-17,,0,0
100017,James,Davis,SCH003,2023,2021-11-06,99.4,14.400000000000006,1,1,2022-01-26,0,2022-11-29,,0,0
100065,Chris,Anderson,SCH004,2023,2021-10-31,83.9,-1.0999999999999943,0,0,2022-10-30,1,2023-10-25,3.11,1,1
100077,Daniel,Anderson,SCH005,2023,2021-11-22,69.0,-16.0,0,0,2022-06-14,0,,,0,0
100099,Taylor,Davis,SCH003,2022,2021-02-26,58.6,-26.4,0,0,2023-03-12,0,2024-03-07,,0,0
100111,Maria,Garcia,SCH002,2022,2022-12-18,66.0,-19.0,0,0,2023-08-26,0,2023-01-25,,0,0
100160,Emily,Davis,SCH003,2021,2023-02-20,70.6,-14.400000000000006,0,0,2021-10-14,0,2022-08-06,,0,0
100162,Michael,Miller,SCH003,2023,2021-12-03,75.6,-9.400000000000006,0,0,2022-02-01,1,2023-07-27,2.32,1,0
100171,Sarah,Davis,SCH002,2021,2021-06-12,84.4,-0.5999999999999943,0,0,2022-07-05,1,2021-08-15,2.7,1,1
100179,Daniel,Smith,SCH001,2021,2021-11-04,100.0,15.0,1,1,2023-05-01,0,2022-10-28,,0,0
100192,Maria,Miller,SCH005,2022,2021-09-09,75.9,-9.099999999999994,0,0,2023-03-02,1,2024-04-24,1.96,1,0
100204,Taylor,Garcia,SCH002,2022,2022-08-07,74.7,-10.299999999999997,0,0,2022-03-14,0,2022-08-21,,0,0
100205,Sarah,Wilson,SCH002,2022,2021-12-31,76.6,-8.400000000000006,0,0,2021-05-08,1,2023-12-24,2.15,1,0
100207,David,Wilson,SCH002,2022,2021-05-02,81.5,-3.5,0,1,2022-10-23,0,2021-09-16,,1,1
100210,Chris,Taylor,SCH003,2021,2022-09-28,86.1,1.0999999999999943,1,1,2022-05-31,0,2022-11-26,,1,1
100218,David,Johnson,SCH004,2022,2021-03-11,82.3,-2.700000000000003,0,0,2022-06-21,0,2021-11-11,,1,1
100225,Taylor,Anderson,SCH002,2021,2022-03-11,87.5,2.5,1,1,2023-08-20,1,2021-08-11,3.36,1,1
100257,Taylor,Brown,SCH002,2021,2021-02-17,83.3,-1.7000000000000028,0,0,2021-08-26,0,2023-09-26,,1,1
100259,James,Davis,SCH001,2023,2022-10-22,84.8,-0.20000000000000284,0,0,2021-04-11,1,2022-02-10,2.84,1,1
100263,Michael,Moore,SCH002,2022,2022-05-20,85.7,0.7000000000000028,1,1,2023-07-08,1,2023-08-05,2.5,1,1
100272,David,Davis,SCH004,2023,2021-05-04,52.6,-32.4,0,0,2022-11-24,0,2024-05-23,,0,0
100285,David,Davis,SCH004,2023,2022-09-14,100.0,15.0,1,1,2022-12-05,1,2024-08-13,2.67,0,0
100293,Sarah,Wilson,SCH004,2023,2023-03-22,57.3,-27.700000000000003,0,0,2022-07-08,0,2024-06-07,,0,0
100305,Sarah,Taylor,SCH005,2023,2021-05-23,87.14963206138955,2.1496320613895534,1,1,2023-03-26,0,2023-05-26,,1,1
100314,Sarah,Davis,SCH002,2021,2020-12-24,69.7,-15.299999999999997,0,0,2023-01-17,1,2023-02-26,1.49,0,0
100328,Maria,Taylor,SCH002,2023,2020-12-20,78.5,-6.5,0,0,2021-06-18,0,2023-12-19,,1,0
100370,Taylor,Wilson,SCH005,2022,2022-04-17,78.7,-6.299999999999997,0,0,2021-07-10,1,2021-08-08,2.46,1,0
100376,Daniel,Taylor,SCH001,2023,2021-10-20,74.1,-10.900000000000006,0,0,2022-10-31,0,2022-03-07,,0,0
100402,Ashley,Miller,SCH004,2021,2022-01-28,73.4,-11.599999999999994,0,0,2021-04-24,1,2022-10-06,2.1,0,0
100418,Chris,Moore,SCH005,2022,2020-10-15,75.8,-9.200000000000003,0,0,2022-01-10,0,2023-06-02,,1,0
100426,Emily,Moore,SCH001,2023,2020-09-01,81.9,-3.0999999999999943,0,0,2023-04-02,1,2021-11-27,2.66,1,1
100446,Michael,Wilson,SCH001,2023,2020-11-08,85.7,0.7000000000000028,1,1,2022-05-29,0,2023-08-16,,1,1
100449,Ashley,Garcia,SCH004,2023,2021-04-02,75.4,-9.599999999999994,0,0,2022-09-28,1,2023-04-28,2.92,1,0
100459,Ashley,Brown,SCH003,2023,2021-02-13,65.3,-19.700000000000003,0,0,2023-05-15,0,2023-12-23,,0,0
100471,Ashley,Moore,SCH002,2021,2020-12-19,82.9,-2.0999999999999943,0,0,2022-01-17,1,2023-10-13,2.39,1,1
100512,Maria,Garcia,SCH002,2021,2022-02-11,65.0,-20.0,0,0,2022-12-24,0,2023-01-13,,0,0
100523,Ashley,Smith,SCH002,2023,2023-01-27,92.7,7.700000000000003,1,0,2021-12-15,0,2021-11-14,,1,0
100544,Ashley,Moore,SCH003,2022,2021-12-29,72.42252354122847,-12.577476458771528,0,0,2021-06-02,1,2021-11-30,2.89,0,0
100552,David,Wilson,SCH002,2023,2021-11-15,84.0,-1.0,0,0,2022-06-14,1,2021-10-03,2.41,1,1
100564,Maria,Smith,SCH005,2023,2022-02-17,88.81902858931771,3.8190285893177105,1,0,2021-02-23,1,2022-10-14,2.81,1,1
100588,Daniel,Brown,SCH005,2023,2022-03-03,100.0,15.0,1,1,2021-04-15,1,2023-07-25,2.2,0,0
100595,Emily,Miller,SCH005,2021,2021-01-15,71.6,-13.400000000000006,0,0,2023-01-27,0,2022-05-07,,0,0
100620,David,Taylor,SCH004,2021,2023-03-06,62.4,-22.6,0,0,2021-05-04,0,2024-02-13,,0,0
100627,James,Anderson,SCH004,2023,2022-09-11,92.5,7.5,1,1,2021-06-15,0,2022-06-25,,1,0
100655,Sarah,Garcia,SCH003,2023,2022-01-13,90.5,5.5,1,0,2021-01-19,1,2022-01-07,3.28,1,0
100658,Maria,Johnson,SCH005,2022,2021-08-01,70.0,-15.0,0,0,2022-06-09,0,2024-04-16,,0,0
100659,Taylor,Miller,SCH002,2022,2020-10-20,92.1,7.099999999999994,1,1,2021-08-06,0,2022-08-19,,1,0
100661,Chris,Davis,SCH001,2021,2020-12-15,69.7,-15.299999999999997,0,1,2022-07-01,1,2023-09-21,2.47,0,0
100669,Daniel,Smith,SCH002,2022,2022-02-28,94.8,9.799999999999997,1,0,2022-01-24,0,2022-06-27,,1,0
100679,James,Smith,SCH003,2022,2021-01-16,76.4,-8.599999999999994,0,0,2021-11-16,1,2024-08-16,1.59,1,0
100687,Chris,Wilson,SCH003,2023,2021-05-17,70.4,-14.599999999999994,0,0,2023-03-18,0,2021-12-11,,0,0
100717,David,Wilson,SCH005,2022,2022-10-20,88.0,3.0,1,1,2023-06-27,0,2024-01-07,,1,1
100725,Michael,Anderson,SCH005,2022,2021-01-20,67.5,-17.5,0,0,2022-06-30,0,2024-05-01,,0,0
100775,Chris,Moore,SCH004,2023,2022-10-17,73.87462674891846,-11.125373251081541,0,0,2023-07-08,1,2023-02-18,1.94,0,0
100786,Emily,Wilson,SCH005,2022,2021-01-11,91.7,6.700000000000003,1,1,2022-09-29,1,2024-01-03,3.67,1,0
100806,James,Smith,SCH003,2021,2021-04-18,83.6,-1.4000000000000057,0,0,2022-02-04,1,2023-05-23,2.06,1,1
100816,Maria,Johnson,SCH005,2021,2023-01-24,60.7,-24.299999999999997,0,0,2021-05-23,1,2023-08-09,2.29,0,0
100819,David,Wilson,SCH004,2023,2022-09-10,84.9,-0.09999999999999432,0,0,2023-06-29,0,2021-12-31,,1,1
100824,Daniel,Smith,UNKNOWN,2021,2021-04-18,72.6,-12.400000000000006,0,0,2023-03-06,1,2024-03-22,2.21,0,0
100841,Daniel,Smith,SCH002,2023,2022-05-19,87.8,2.799999999999997,1,1,2021-04-25,0,2022-08-30,,1,1
100847,David,Davis,SCH003,2023,2022-01-16,73.8,-11.200000000000003,0,0,2021-02-14,1,2023-01-05,1.68,0,0
100870,Ashley,Miller,SCH003,2023,2022-02-23,100.0,15.0,1,1,2023-05-04,1,2023-09-20,3.42,0,0
100875,Maria,Moore,SCH002,2021,2020-11-16,73.1,-11.900000000000006,0,0,2022-09-07,0,2024-01-01,,0,0
100885,David,Smith,SCH004,2021,2021-09-17,65.9,-19.099999999999994,0,0,2023-08-15,0,2024-03-08,,0,0
100900,Michael,Wilson,SCH002,2023,2020-10-05,91.5,6.5,1,1,2023-08-12,0,,,1,0
100918,Taylor,Miller,SCH003,2021,2022-07-11,62.3,-22.700000000000003,0,0,2021-08-24,0,2023-06-29,,0,0
100938,Daniel,Wilson,SCH002,2022,2021-10-12,87.9,2.9000000000000057,1,1,2022-07-26,0,2021-12-16,,1,1
100950,Ashley,Smith,SCH004,2021,2023-04-04,82.6,-2.4000000000000057,0,0,2023-07-03,0,2021-08-03,,1,1
100955,Daniel,Miller,SCH001,2021,2021-12-14,86.2,1.2000000000000028,1,1,2021-11-30,0,2023-02-11,,1,1
100976,Ashley,Davis,SCH003,2021,2022-10-07,92.94539811496804,7.945398114968043,1,1,2021-02-19,1,2024-05-14,3.25,1,0
101019,Daniel,Wilson,SCH001,2021,2023-01-18,84.72462997563298,-0.27537002436702096,0,1,2021-09-12,0,2023-12-06,,1,1
101071,Maria,Johnson,SCH005,2023,2022-04-02,75.8,-9.200000000000003,0,0,2022-05-05,1,2022-07-30,2.2,1,0
101078,Michael,Garcia,SCH004,2022,2020-10-28,66.7,-18.299999999999997,0,0,2021-09-06,0,2023-12-21,,0,0
101093,Chris,Garcia,SCH002,2023,2021-06-02,92.7,7.700000000000003,1,1,2021-01-26,0,2024-06-29,,1,0
101119,Chris,Brown,SCH001,2022,2021-10-16,70.4,-14.599999999999994,0,0,2021-12-29,0,2023-12-04,,0,0
101131,Emily,Garcia,SCH005,2023,2022-05-05,73.3,-11.700000000000003,0,0,2021-05-28,0,2023-05-31,,0,0
101152,Maria,Garcia,SCH005,2022,2022-06-26,67.9,-17.099999999999994,0,1,2021-08-13,0,2023-10-16,,0,0
101179,Ashley,Johnson,SCH004,2023,2022-07-23,83.83096599552859,-1.1690340044714134,0,0,2021-04-13,0,2023-05-11,,1,1
101188,Daniel,Moore,SCH003,2023,2022-09-09,88.15243663621895,3.152436636218951,1,0,2022-03-06,1,2023-08-21,2.85,1,1
101220,Sarah,Brown,SCH004,2021,2022-03-23,78.7,-6.299999999999997,0,0,2022-01-28,1,2021-12-17,2.66,1,0
101222,Emily,Miller,SCH004,2022,2023-05-23,69.9,-15.099999999999994,0,0,2021-01-28,0,2024-05-13,,0,0
101235,Chris,Taylor,SCH002,2023,2023-02-12,94.0,9.0,1,1,2022-12-23,0,,,1,0
101258,Daniel,Johnson,SCH004,2023,2022-01-18,87.1,2.0999999999999943,1,1,2022-09-25,1,2023-04-29,3.08,1,1
101268,Taylor,Taylor,SCH003,2023,2021-01-09,83.1,-1.9000000000000057,0,0,,1,,2.89,1,1
101286,David,Wilson,SCH005,2023,2022-02-17,79.4,-5.599999999999994,0,0,2021-12-04,1,2024-05-18,2.56,1,0
101290,Chris,Smith,SCH004,2023,2022-09-23,65.7,-19.299999999999997,0,0,2021-12-06,0,2022-08-21,,0,0
101307,Daniel,Moore,SCH004,2022,2021-12-13,79.28701635174968,-5.712983648250315,0,0,2022-05-21,1,2024-05-22,2.06,1,0
101320,Ashley,Wilson,SCH004,2021,2022-03-29,78.6,-6.400000000000006,0,0,2021-04-22,1,2022-04-03,1.56,1,0
101356,Daniel,Miller,SCH001,2022,2022-10-01,69.2,-15.799999999999997,0,0,2021-12-10,0,2022-12-24,,0,0
101362,Chris,Johnson,SCH003,2023,2022-07-27,75.4,-9.599999999999994,0,0,2022-07-08,0,2023-10-07,,1,0
101372,Michael,Davis,SCH004,2021,2022-05-14,58.9,-26.1,0,0,2021-10-17,0,2021-12-26,,0,0
101380,David,Anderson,SCH002,2022,2020-12-30,81.1,-3.9000000000000057,0,0,2021-02-03,0,2022-10-18,,1,1
101409,Chris,Garcia,SCH002,2021,2022-10-21,65.5,-19.5,0,0,2023-06-20,1,2023-06-07,2.11,0,0
101464,James,Smith,SCH004,2022,2021-03-16,72.8,-12.200000000000003,0,0,2022-11-10,0,2024-03-17,,0,0
101473,Maria,Davis,SCH005,2023,2022-04-10,74.3,-10.700000000000003,0,0,2022-03-18,1,2023-01-27,2.45,0,0
101519,Daniel,Brown,UNKNOWN,2022,2021-04-16,98.6,13.599999999999994,1,0,2021-07-25,1,2024-03-31,2.79,0,0
101538,Chris,Smith,SCH002,2022,2022-04-19,74.3,-10.700000000000003,0,0,2021-01-09,0,2023-09-02,,0,0
101549,David,Wilson,SCH001,2021,2022-05-04,67.2,-17.799999999999997,0,0,2022-06-15,0,2023-04-03,,0,0
101553,David,Miller,SCH002,2022,2020-10-28,76.7,-8.299999999999997,0,0,2021-03-26,0,2021-09-27,,1,0
101560,Taylor,Anderson,SCH001,2023,2022-09-01,82.6,-2.4000000000000057,0,0,2022-05-10,0,2023-06-09,,1,1
101626,David,Taylor,SCH003,2021,2020-09-14,67.6,-17.400000000000006,0,0,2022-11-01,1,2024-02-26,1.47,0,0
101636,Maria,Taylor,SCH002,2023,2022-07-02,81.8,-3.200000000000003,0,0,2023-06-03,0,2023-04-30,,1,1
101643,Michael,Davis,SCH003,2023,2023-01-20,61.5,-23.5,0,0,2023-06-04,0,2024-08-28,,0,0
101671,Sarah,Davis,SCH004,2023,2021-10-02,69.5,-15.5,0,1,2023-02-18,0,2022-03-11,,0,0
101722,Chris,Davis,SCH002,2022,2021-07-11,65.1,-19.900000000000006,0,0,2021-01-23,0,2021-08-05,,0,0
101774,Ashley,Garcia,SCH001,2021,2021-05-22,80.8,-4.200000000000003,0,0,2023-07-26,0,2023-04-13,,1,1
101793,Michael,Davis,SCH002,2023,2023-04-12,79.0,-6.0,0,0,2021-12-31,1,2023-10-30,2.24,1,0
101816,Emily,Johnson,SCH005,2023,2023-03-08,88.8,3.799999999999997,1,1,2021-01-26,1,2023-08-05,2.84,1,1
101821,Emily,Wilson,SCH002,2023,2020-12-03,79.5,-5.5,0,0,2021-11-04,1,2021-11-13,2.32,1,0
101828,Sarah,Taylor,UNKNOWN,2023,2022-09-14,63.8,-21.200000000000003,0,0,2022-05-01,0,2022-04-21,,0,0
101842,Maria,Johnson,SCH002,2023,2022-09-11,89.5,4.5,1,1,2022-11-16,0,2023-02-19,,1,1
101843,Ashley,Smith,SCH001,2021,2021-10-07,92.9,7.900000000000006,1,0,2021-05-12,1,2023-10-12,2.58,1,0
101854,Emily,Garcia,SCH003,2021,2021-02-01,69.3,-15.700000000000003,0,0,2021-06-24,0,2024-07-13,,0,0
101883,James,Miller,SCH004,2021,2023-02-01,65.8,-19.200000000000003,0,0,2022-06-05,0,2022-12-16,,0,0
101884,David,Garcia,SCH005,2022,2021-11-08,73.6,-11.400000000000006,0,0,2021-03-02,1,2022-04-20,2.69,0,0
101911,David,Moore,SCH003,2022,2022-10-29,87.6,2.5999999999999943,1,0,2023-03-09,0,2022-07-13,,1,1
101967,Sarah,Davis,SCH002,2023,2022-01-17,50.09266421996432,-34.90733578003568,0,0,2021-08-11,0,2023-04-05,,0,0
101981,Sarah,Brown,SCH002,2022,2021-10-20,78.59737852459484,-6.402621475405155,0,0,2022-10-13,1,2022-11-16,2.29,1,0
101998,David,Brown,SCH002,2023,2022-01-02,70.9,-14.099999999999994,0,0,2022-01-09,0,2023-11-23,,0,0
100005,Taylor,Miller,SCH002,2022,2022-04-21,95.9,10.900000000000006,1,1,2021-07-11,1,2023-07-15,3.02,0,0
100032,David,Davis,SCH002,2023,2021-05-10,79.7,-5.299999999999997,0,0,2021-03-06,0,2023-09-16,,1,0
100033,Ashley,Moore,SCH001,2022,2020-11-10,90.70121865688448,5.701218656884478,1,1,2023-06-13,1,2022-04-03,3.28,1,0
100038,Maria,Johnson,SCH004,2022,2021-06-16,85.6,0.5999999999999943,1,1,2022-05-29,0,2023-11-23,,1,1
100066,James,Wilson,SCH002,2021,2021-04-15,77.1,-7.900000000000006,0,0,2023-04-20,0,2024-07-16,,1,0
100143,David,Davis,SCH003,2022,2023-01-26,75.6,-9.400000000000006,0,0,2021-02-08,0,,,1,0
100150,James,Brown,SCH003,2023,2020-11-08,68.9,-16.099999999999994,0,1,2023-05-24,1,2023-11-17,2.06,0,0
100158,David,Garcia,SCH003,2023,2023-01-21,50.4,-34.6,0,1,2023-07-17,0,2021-09-18,,0,0
100212,David,Anderson,SCH003,2022,2021-03-08,79.3,-5.700000000000003,0,0,2021-03-30,0,2024-04-06,,1,0
100219,Taylor,Taylor,SCH002,2021,2022-08-22,100.0,15.0,1,1,2021-08-20,1,2023-06-09,2.77,0,0
100221,Chris,Smith,SCH004,2023,2022-01-31,74.0,-11.0,0,0,2021-06-30,1,2021-08-31,3.29,0,0
100249,Daniel,Anderson,SCH001,2021,2021-01-11,84.3,-0.7000000000000028,0,0,2022-07-31,0,2024-02-15,,1,1
100250,Ashley,Anderson,SCH004,2023,2022-09-16,85.4,0.4000000000000057,1,1,2021-05-24,1,2021-10-10,2.69,1,1
100289,Sarah,Davis,SCH002,2021,2020-10-24,83.7,-1.2999999999999972,0,0,,0,2024-08-08,,1,1
100312,Taylor,Brown,SCH005,2022,2020-09-02,93.7,8.700000000000003,1,1,2022-05-13,1,,2.59,1,0
100354,Maria,Moore,UNKNOWN,2021,2021-02-27,73.4,-11.599999999999994,0,0,2023-02-28,1,2022-06-28,2.28,0,0
100379,James,Smith,SCH003,2021,2021-08-04,77.5,-7.5,0,0,,0,2021-09-12,,1,0
100392,Michael,Smith,SCH005,2023,2022-06-27,83.8,-1.2000000000000028,0,0,2021-11-05,1,2024-06-11,2.84,1,1
100394,Ashley,Smith,SCH001,2023,2023-02-11,82.9,-2.0999999999999943,0,0,2023-02-28,0,2021-10-12,,1,1
100401,James,Miller,SCH004,2021,2022-12-23,73.76717099138278,-11.232829008617216,0,0,2021-02-08,0,2024-07-12,,0,0
100425,Chris,Brown,SCH005,2022,2021-05-21,87.9,2.9000000000000057,1,1,2023-03-07,0,2023-03-19,,1,1
100458,Ashley,Garcia,SCH001,2021,2021-08-25,69.0,-16.0,0,0,2022-08-21,0,2021-09-25,,0,0
100506,Sarah,Miller,SCH003,2022,2021-11-21,78.2,-6.799999999999997,0,0,2021-12-04,0,2023-02-11,,1,0
100518,Sarah,Johnson,SCH003,2021,2023-05-11,73.4,-11.599999999999994,0,0,2023-06-24,0,2021-09-01,,0,0
100520,Michael,Moore,SCH001,2021,2021-03-31,72.5,-12.5,0,0,2022-01-08,0,2024-02-13,,0,0
100526,David,Smith,SCH005,2021,2021-06-09,86.6,1.5999999999999943,1,1,2022-06-12,0,2024-05-27,,1,1
100533,Daniel,Garcia,SCH005,2023,2022-07-08,83.0,-2.0,0,0,2021-02-18,0,2022-03-19,,1,1
100542,Sarah,Smith,SCH003,2023,2021-12-10,85.0,0.0,1,0,2022-05-17,0,2022-11-28,,1,1
100566,Michael,Anderson,UNKNOWN,2023,2023-01-22,92.55808654610192,7.558086546101919,1,1,2023-02-03,1,2022-01-14,2.47,1,0
100567,Taylor,Garcia,SCH003,2023,2021-01-08,63.4,-21.6,0,0,2022-02-01,0,2022-10-03,,0,0
100569,Michael,Wilson,SCH003,2023,2020-10-28,77.3,-7.700000000000003,0,0,2022-10-08,0,2024-02-25,,1,0
100574,David,Moore,SCH001,2021,2022-11-28,83.7,-1.2999999999999972,0,0,2021-06-12,1,2023-12-26,2.53,1,1
100613,Michael,Davis,SCH002,2022,2020-10-25,62.7,-22.299999999999997,0,0,2023-08-25,0,2022-12-10,,0,0
100616,Sarah,Davis,SCH003,2023,2021-03-31,84.4,-0.5999999999999943,0,0,2023-08-08,1,2021-09-05,3.35,1,1
100683,Michael,Johnson,SCH002,2023,2022-10-17,89.9,4.900000000000006,1,1,2023-08-29,0,2024-03-27,,1,1
100705,Taylor,Miller,SCH001,2021,2022-03-13,78.6,-6.400000000000006,0,0,2023-07-19,0,2022-10-12,,1,0
100727,Michael,Taylor,SCH001,2021,2021-01-02,77.5,-7.5,0,0,2021-04-21,0,2021-08-26,,1,0
100753,Ashley,Johnson,SCH004,2021,2022-06-02,92.2,7.200000000000003,1,1,2022-06-21,0,2021-12-26,,1,0
100755,Ashley,Smith,SCH001,2021,2021-07-25,91.8,6.799999999999997,1,1,2021-08-01,0,2021-09-10,,1,0
100760,Maria,Brown,SCH004,2021,2022-05-12,81.4,-3.5999999999999943,0,0,2021-05-21,0,2022-01-10,,1,1
100768,Emily,Moore,SCH005,2022,2023-02-06,94.7,9.700000000000003,1,1,2021-10-17,0,2022-11-18,,1,0
100774,James,Garcia,SCH003,2023,2022-09-14,90.6,5.599999999999994,1,1,2023-03-06,0,2024-02-17,,1,0
100798,Daniel,Moore,SCH003,2022,2022-03-06,100.0,15.0,1,0,2022-08-31,0,2023-05-20,,0,0
100804,David,Miller,SCH003,2023,2022-10-20,81.81514764137029,-3.184852358629712,0,0,2022-08-09,0,2023-03-12,,1,1
100807,David,Miller,SCH001,2023,2022-10-07,92.7,7.700000000000003,1,0,2022-10-19,0,2023-11-22,,1,0
100836,Sarah,Moore,SCH001,2021,2021-01-12,67.5,-17.5,0,1,2021-06-07,1,2023-08-02,2.22,0,0
100839,David,Davis,SCH004,2022,2022-06-10,78.7,-6.299999999999997,0,0,2021-06-24,0,2022-10-11,,1,0
100849,David,Taylor,SCH004,2021,2021-10-27,76.2,-8.799999999999997,0,0,2021-06-14,1,2022-11-29,2.48,1,0
100851,David,Miller,SCH004,2021,2021-09-15,80.2,-4.799999999999997,0,0,2022-02-23,0,2022-01-07,,1,1
100852,Taylor,Garcia,SCH004,2021,2020-12-26,88.2,3.200000000000003,1,1,2023-05-25,1,2024-01-14,2.82,1,1
100862,David,Brown,SCH004,2022,2021-07-25,78.3,-6.700000000000003,0,0,2022-12-27,0,2023-07-30,,1,0
100906,Chris,Taylor,SCH005,2022,2022-07-29,85.8,0.7999999999999972,1,1,2021-06-02,0,2022-12-21,,1,1
100909,Maria,Anderson,SCH003,2023,2022-03-01,75.8,-9.200000000000003,0,1,2021-06-07,0,2024-01-18,,1,0
100928,James,Miller,SCH005,2022,2021-08-14,70.1,-14.900000000000006,0,0,2023-07-10,0,2021-10-24,,0,0
100941,Ashley,Davis,SCH005,2022,2021-08-12,74.9,-10.099999999999994,0,0,2023-05-31,0,,,0,0
100975,Michael,Johnson,SCH004,2022,2022-05-28,85.6,0.5999999999999943,1,1,2021-11-30,0,2022-01-12,,1,1
100992,Maria,Anderson,SCH005,2021,2022-08-20,92.3,7.299999999999997,1,1,2021-12-21,0,2024-04-21,,1,0
101008,Daniel,Wilson,SCH001,2023,2022-06-03,77.0,-8.0,0,0,2021-12-13,0,2022-11-21,,1,0
101017,Michael,Taylor,SCH001,2021,2021-10-01,74.4,-10.599999999999994,0,0,2022-09-20,0,2022-04-27,,0,0
101039,Maria,Johnson,SCH002,2021,2022-10-19,68.8,-16.200000000000003,0,0,2021-11-11,0,2024-05-19,,0,0
101047,Emily,Smith,SCH005,2022,2023-03-15,75.10844018904082,-9.89155981095918,0,1,2023-03-03,0,2021-10-12,,1,0
101052,Sarah,Miller,SCH001,2022,2023-04-08,100.0,15.0,1,0,2023-05-17,0,2024-08-07,,0,0
101057,Emily,Wilson,SCH003,2023,2021-06-12,88.7,3.700000000000003,1,1,2023-01-16,0,2022-08-03,,1,1
101060,Sarah,Davis,SCH004,2022,2023-05-20,96.5,11.5,1,1,2021-04-19,1,2022-09-24,3.04,0,0
101089,Chris,Wilson,SCH002,2022,2021-06-13,73.4,-11.599999999999994,0,0,2022-02-06,0,2021-08-24,,0,0
101111,David,Miller,SCH003,2023,2020-10-04,63.2,-21.799999999999997,0,0,2022-07-13,0,2024-08-11,,0,0
101206,Emily,Anderson,SCH002,2021,2021-01-14,78.1,-6.900000000000006,0,0,2023-06-15,1,2023-07-15,2.47,1,0
101208,Emily,Taylor,SCH005,2021,2023-06-03,74.48157882025359,-10.518421179746412,0,0,2022-11-27,0,2024-01-14,,0,0
101240,Sarah,Johnson,SCH004,2021,2022-09-25,93.4,8.400000000000006,1,1,2022-01-16,1,2021-12-14,2.81,1,0
101260,Michael,Johnson,SCH005,2022,2022-10-14,82.2,-2.799999999999997,0,0,2023-02-17,0,2023-12-19,,1,1
101284,Chris,Brown,SCH003,2021,2022-02-16,70.7,-14.299999999999997,0,1,2022-09-23,0,2024-06-18,,0,0
101326,Sarah,Moore,SCH004,2021,2020-12-20,64.1,-20.900000000000006,0,0,2021-10-01,0,2023-06-29,,0,0
101333,Taylor,Smith,SCH004,2023,2023-01-01,75.1,-9.900000000000006,0,0,2022-02-19,0,2023-09-19,,1,0
101336,Michael,Wilson,SCH002,2022,2021-06-03,86.1,1.0999999999999943,1,1,2022-02-01,0,2022-03-15,,1,1
101357,Ashley,Davis,SCH004,2022,2020-12-29,74.2,-10.799999999999997,0,0,2022-07-28,0,2024-07-02,,0,0
101363,David,Johnson,SCH002,2022,2021-06-21,65.6,-19.400000000000006,0,0,2022-11-07,0,2022-11-20,,0,0
101430,Maria,Moore,SCH001,2023,2021-08-27,81.5,-3.5,0,0,2023-03-06,1,2022-09-12,2.35,1,1
101439,Sarah,Taylor,SCH005,2021,2023-01-10,81.7,-3.299999999999997,0,0,2021-06-15,1,2023-11-27,2.09,1,1
101441,James,Smith,SCH002,2023,2023-05-12,85.0,0.0,1,0,2021-06-24,0,2023-07-27,,1,1
101452,David,Moore,SCH002,2023,2022-10-23,89.8,4.799999999999997,1,1,2021-08-08,1,2022-05-16,3.13,1,1
101467,Maria,Miller,SCH005,2022,2022-01-12,72.3,-12.700000000000003,0,1,2022-10-09,1,2022-08-23,2.86,0,0
101487,Emily,Brown,SCH001,2023,2022-10-22,78.5,-6.5,0,0,2023-05-09,0,2023-06-14,,1,0
101509,Daniel,Brown,SCH002,2021,2023-02-27,92.2,7.200000000000003,1,1,2021-11-20,1,2021-09-16,2.9,1,0
101541,Ashley,Taylor,SCH001,2022,2023-05-01,90.1,5.099999999999994,1,1,2022-04-23,1,2022-06-29,2.28,1,0
101548,Maria,Davis,SCH004,2023,2023-01-18,93.1,8.099999999999994,1,1,2023-04-11,1,2023-04-21,2.76,1,0
101571,James,Brown,SCH002,2021,2021-12-26,86.1,1.0999999999999943,1,1,2021-09-19,0,2023-07-19,,1,1
101588,Taylor,Miller,SCH003,2022,2020-11-10,84.7,-0.29999999999999716,0,0,2021-02-18,0,2024-07-17,,1,1
101594,Sarah,Davis,SCH005,2022,2021-11-18,59.6,-25.4,0,0,,0,2022-11-05,,0,0
101628,Taylor,Wilson,SCH002,2023,2021-01-14,93.4,8.400000000000006,1,1,2022-02-01,0,2023-06-27,,1,0
101644,Sarah,Brown,SCH003,2022,2022-06-16,85.3,0.29999999999999716,1,1,2021-03-09,0,2023-06-03,,1,1
101659,Maria,Miller,SCH001,2021,2023-01-28,100.0,15.0,1,0,2021-05-10,1,2022-12-27,2.43,0,0
101673,James,Moore,SCH005,2023,2021-05-02,59.6,-25.4,0,0,2022-08-22,1,2021-10-24,1.64,0,0
101683,Chris,Smith,SCH002,2022,2021-02-05,79.3,-5.700000000000003,0,0,2022-11-08,0,2022-12-11,,1,0
101686,Chris,Anderson,UNKNOWN,2023,2020-12-22,80.1,-4.900000000000006,0,1,2022-05-27,0,2022-05-29,,1,1
101692,James,Davis,SCH003,2023,2021-09-10,77.6,-7.400000000000006,0,0,2022-01-25,0,2022-07-08,,1,0
101754,Maria,Johnson,SCH001,2023,2021-10-02,91.6,6.599999999999994,1,1,2023-03-20,1,2023-05-19,2.61,1,0
101758,David,Garcia,SCH005,2023,2022-02-03,100.0,15.0,1,1,2022-06-19,1,2024-05-26,2.78,0,0
101783,Chris,Brown,SCH004,2021,2022-09-06,64.2,-20.799999999999997,0,0,2023-02-04,1,2023-02-07,1.63,0,0
101795,Emily,Anderson,SCH005,2021,2022-01-10,92.1,7.099999999999994,1,1,2022-04-02,0,2022-04-07,,1,0
101799,Michael,Johnson,SCH004,2023,2022-09-25,77.0,-8.0,0,0,2021-03-07,0,2024-05-05,,1,0
101810,Sarah,Moore,SCH002,2021,2023-02-27,66.9,-18.099999999999994,0,0,2022-05-25,0,2023-09-13,,0,0
101823,Taylor,Garcia,UNKNOWN,2022,2022-01-05,84.6,-0.4000000000000057,0,0,2023-03-06,0,2023-06-28,,1,1
101848,David,Miller,SCH005,2021,2022-05-09,63.9,-21.1,0,0,2023-08-15,0,2023-02-26,,0,0
101882,Chris,Anderson,SCH002,2022,2022-10-14,66.4,-18.599999999999994,0,0,2021-08-24,0,2024-07-09,,0,0
101888,Emily,Wilson,SCH002,2021,2021-03-21,76.0,-9.0,0,0,2022-11-06,0,2021-09-09,,1,0
101900,David,Brown,SCH002,2023,2023-02-01,71.7,-13.299999999999997,0,0,2021-02-11,0,2023-05-24,,0,0
101917,Sarah,Taylor,SCH003,2023,2022-10-03,87.3,2.299999999999997,1,1,2021-12-27,0,2024-02-15,,1,1
101948,James,Johnson,SCH001,2021,2021-08-08,94.1,9.099999999999994,1,0,2022-01-26,1,2023-04-16,2.29,1,0
101959,Taylor,Johnson,SCH003,2021,2021-09-16,68.7,-16.299999999999997,0,0,2021-03-18,0,2022-04-05,,0,0
101960,Emily,Johnson,SCH002,2023,2022-07-17,83.1,-1.9000000000000057,0,0,2022-10-07,0,2023-11-17,,1,1
101963,James,Anderson,SCH001,2021,2022-02-02,91.3,6.299999999999997,1,1,2023-08-06,0,2022-07-03,,1,0
101964,James,Moore,SCH004,2023,2022-06-11,65.5,-19.5,0,0,2023-03-15,0,2024-07-06,,0,0
101991,Daniel,Smith,SCH002,2022,2022-02-25,63.7,-21.299999999999997,0,0,2022-03-21,0,2022-04-29,,0,0
101994,Daniel,Davis,SCH005,2023,2021-12-23,74.7,-10.299999999999997,0,0,2023-05-09,0,2021-12-04,,0,0
100021,Sarah,Miller,SCH004,2021,2023-05-17,63.7,-21.299999999999997,0,0,2021-04-05,0,2022-12-11,,0,0
100056,Ashley,Brown,SCH002,2023,2022-04-17,77.8,-7.200000000000003,0,0,,1,2021-12-30,2.25,1,0
100121,Emily,Miller,SCH005,2022,2022-04-06,88.4,3.4000000000000057,1,1,2022-08-30,0,2021-11-17,,1,1
100126,Sarah,Miller,SCH002,2022,2022-08-27,57.7,-27.299999999999997,0,0,2023-03-16,1,2022-03-13,1.47,0,0
100130,David,Brown,SCH005,2022,2023-04-13,75.2,-9.799999999999997,0,0,2021-11-03,0,2023-09-25,,1,0
100131,James,Taylor,SCH004,2021,2021-07-14,80.2,-4.799999999999997,0,0,2022-03-04,0,2024-03-24,,1,1
100187,James,Wilson,SCH001,2023,2022-03-09,72.4,-12.599999999999994,0,0,2022-08-26,0,2022-02-04,,0,0
100195,Chris,Taylor,UNKNOWN,2023,2023-05-14,76.3,-8.700000000000003,0,0,2022-03-03,1,2021-12-08,2.44,1,0
100214,Sarah,Miller,UNKNOWN,2022,2021-05-09,85.0,0.0,1,0,2023-03-03,1,2022-09-10,2.7,1,1
100228,Michael,Moore,SCH003,2021,2023-03-24,63.6,-21.4,0,0,2023-05-26,0,2023-02-03,,0,0
100237,Daniel,Johnson,SCH004,2021,2021-06-10,82.1,-2.9000000000000057,0,0,2023-01-26,0,2023-05-01,,1,1
100242,Emily,Davis,SCH003,2023,2022-09-16,77.0,-8.0,0,0,2022-01-15,1,2021-09-11,2.9,1,0
100244,Sarah,Taylor,SCH001,2023,2022-09-10,72.6,-12.400000000000006,0,0,2023-08-12,1,2024-07-26,2.68,0,0
100253,Daniel,Brown,SCH003,2021,2022-08-31,82.4,-2.5999999999999943,0,0,2021-09-14,1,2022-01-26,1.89,1,1
100268,Michael,Wilson,SCH005,2023,2020-12-27,93.2,8.200000000000003,1,1,2023-07-22,0,2024-05-10,,1,0
100287,Chris,Johnson,SCH005,2021,2023-01-06,79.1,-5.900000000000006,0,0,2022-07-03,0,2024-02-27,,1,0
100300,James,Wilson,SCH003,2023,2021-11-29,65.17607027162381,-19.823929728376186,0,0,2021-11-06,0,2021-10-07,,0,0
100320,Michael,Brown,SCH001,2021,2021-04-24,69.7,-15.299999999999997,0,0,2022-03-11,0,2022-09-19,,0,0
100338,Maria,Brown,SCH004,2023,2023-01-07,71.1,-13.900000000000006,0,0,2023-03-09,1,2022-09-19,1.61,0,0
100407,Michael,Johnson,SCH003,2023,2021-04-09,76.4,-8.599999999999994,0,0,2023-03-18,0,2021-12-27,,1,0
100413,Emily,Miller,SCH005,2023,2023-04-24,72.82523603540776,-12.174763964592245,0,0,2022-07-11,1,2021-10-14,1.18,0,0
100430,Chris,Miller,SCH002,2022,2023-01-08,77.4,-7.599999999999994,0,1,2022-03-13,0,2021-09-10,,1,0
100447,Chris,Smith,SCH002,2021,2023-04-15,64.9,-20.099999999999994,0,0,2021-06-20,1,2023-08-29,2.43,0,0
100457,Sarah,Wilson,SCH002,2021,2022-11-05,85.9,0.9000000000000057,1,0,2021-11-23,1,2024-06-08,2.09,1,1
100478,David,Miller,SCH005,2021,2020-09-09,77.1,-7.900000000000006,0,1,2023-08-11,1,2021-11-22,3.24,1,0
100489,Emily,Taylor,SCH004,2021,2022-03-03,81.5,-3.5,0,0,2022-12-18,0,2024-04-14,,1,1
100510,Daniel,Wilson,SCH003,2021,2021-08-31,85.6,0.5999999999999943,1,1,2021-06-13,1,2023-06-16,2.55,1,1
100525,James,Anderson,SCH003,2022,2023-04-17,77.6,-7.400000000000006,0,0,2021-08-12,0,2023-03-24,,1,0
100540,James,Anderson,SCH002,2023,2022-03-27,71.1,-13.900000000000006,0,0,2023-08-02,1,2024-04-08,2.84,0,0
100568,James,Moore,SCH004,2022,2021-08-09,84.6,-0.4000000000000057,0,0,2021-06-16,1,2024-05-11,2.18,1,1
100581,Chris,Taylor,SCH005,2022,2021-05-31,74.3,-10.700000000000003,0,0,2021-10-21,1,2022-05-17,2.38,0,0
100583,Daniel,Taylor,SCH004,2022,2021-12-15,72.6,-12.400000000000006,0,0,2021-09-03,1,2022-11-13,2.13,0,0
100585,Michael,Johnson,SCH001,2023,2021-11-13,100.0,15.0,1,1,2021-04-23,1,2022-11-12,3.57,0,0
100598,Michael,Johnson,SCH005,2022,2022-05-10,75.2506893962131,-9.749310603786896,0,0,2023-04-26,0,2021-09-21,,1,0
100632,Emily,Smith,SCH004,2022,2022-03-26,76.4,-8.599999999999994,0,0,2023-03-03,1,2022-04-25,2.94,1,0
100639,Sarah,Moore,SCH005,2022,2021-11-17,71.9,-13.099999999999994,0,0,2023-04-12,0,2023-04-12,,0,0
100653,Michael,Miller,SCH003,2023,2022-07-15,83.6,-1.4000000000000057,0,0,2021-04-09,0,2023-03-11,,1,1
100656,Daniel,Taylor,SCH002,2021,2022-07-07,85.9,0.9000000000000057,1,1,2023-07-07,1,2021-08-21,2.15,1,1
100664,Chris,Taylor,SCH003,2023,2022-05-14,79.7633710306189,-5.236628969381101,0,1,2022-10-15,1,2022-09-26,2.95,1,0
100674,Ashley,Anderson,SCH002,2023,2022-04-21,76.00370363746505,-8.996296362534949,0,0,2022-06-25,0,2022-08-30,,1,0
100706,Michael,Davis,SCH004,2022,2021-03-09,78.6,-6.400000000000006,0,0,2021-12-23,0,2021-10-02,,1,0
100710,Daniel,Smith,SCH005,2023,2021-01-29,74.2,-10.799999999999997,0,0,2022-06-25,0,2022-02-25,,0,0
100731,Taylor,Moore,UNKNOWN,2022,2021-11-03,76.4,-8.599999999999994,0,1,2022-10-14,0,2023-04-12,,1,0
100769,Sarah,Wilson,SCH005,2021,2020-09-22,75.1,-9.900000000000006,0,1,2022-04-28,1,2024-03-06,2.3,1,0
100793,Chris,Brown,SCH004,2022,2022-09-28,72.2,-12.799999999999997,0,0,2023-08-16,0,2021-12-30,,0,0
100814,Daniel,Wilson,SCH002,2021,2021-12-21,76.6,-8.400000000000006,0,0,2021-07-27,0,2024-06-07,,1,0
100823,Michael,Miller,SCH003,2023,2022-10-26,79.6,-5.400000000000006,0,0,,0,2022-03-09,,1,0
100842,James,Brown,SCH003,2023,2023-05-06,71.9,-13.099999999999994,0,0,2021-12-21,1,2022-12-02,2.17,0,0
100877,Michael,Johnson,SCH005,2023,2021-03-22,81.7,-3.299999999999997,0,0,2022-01-29,0,2023-05-20,,1,1
100889,David,Taylor,SCH004,2022,2023-05-04,75.9,-9.099999999999994,0,0,2022-12-04,0,2023-03-08,,1,0
100895,Daniel,Smith,SCH005,2022,2021-10-29,63.5,-21.5,0,0,2023-03-19,0,2022-03-10,,0,0
100898,Taylor,Taylor,SCH005,2022,2023-02-15,74.5,-10.5,0,0,2022-11-10,0,2022-11-22,,0,0
100925,Maria,Anderson,SCH005,2021,2022-09-29,86.8,1.7999999999999972,1,1,2022-03-14,1,2023-04-24,2.9,1,1
100927,Sarah,Anderson,SCH004,2021,2021-05-25,73.5,-11.5,0,0,2022-09-14,1,2021-10-01,2.12,0,0
100977,Maria,Anderson,SCH005,2022,2021-11-18,100.0,15.0,1,1,2021-08-23,0,2024-07-27,,0,0
100981,Chris,Miller,SCH003,2023,2021-06-09,69.6,-15.400000000000006,0,0,2022-06-15,0,,,0,0
101002,David,Garcia,SCH002,2022,2021-01-26,89.2,4.200000000000003,1,1,2021-03-10,1,2022-11-22,2.17,1,1
101012,Michael,Garcia,SCH004,2023,2022-07-16,89.2,4.200000000000003,1,1,2021-12-02,1,2023-12-06,3.25,1,1
101027,Daniel,Davis,SCH001,2023,2021-04-16,75.5,-9.5,0,0,2021-09-12,0,2023-06-22,,1,0
101036,James,Miller,SCH003,2022,2023-05-05,81.9,-3.0999999999999943,0,0,2021-01-03,0,2022-10-29,,1,1
101043,Maria,Johnson,SCH005,2022,2022-09-15,76.9,-8.099999999999994,0,0,2021-08-25,0,2021-08-18,,1,0
101048,Taylor,Miller,SCH004,2022,2023-01-07,93.3,8.299999999999997,1,1,2022-08-24,0,2021-08-22,,1,0
101063,David,Miller,SCH003,2021,2021-09-19,85.2,0.20000000000000284,1,1,2021-06-18,0,2021-10-17,,1,1
101066,Maria,Davis,SCH001,2021,2023-04-30,61.42283241613041,-23.57716758386959,0,0,2023-03-14,0,2023-04-21,,0,0
101069,Emily,Garcia,SCH001,2023,2022-03-27,77.7,-7.299999999999997,0,0,2023-01-08,1,2023-06-07,2.66,1,0
101076,Taylor,Wilson,SCH002,2021,2020-10-22,71.4,-13.599999999999994,0,0,2023-02-08,0,2024-03-09,,0,0
101080,Taylor,Anderson,SCH001,2023,2021-10-15,80.8,-4.200000000000003,0,0,2021-02-22,0,2023-04-12,,1,1
101098,Michael,Anderson,SCH004,2023,2021-09-24,64.6,-20.400000000000006,0,0,2023-01-21,0,2023-09-29,,0,0
101102,Taylor,Wilson,SCH003,2021,2023-05-11,91.2,6.200000000000003,1,1,2023-08-15,0,2023-05-19,,1,0
101110,Ashley,Wilson,SCH003,2022,2023-05-22,44.6,-40.4,0,0,2022-04-28,1,2021-08-24,0.85,0,0
101145,Sarah,Garcia,SCH005,2023,2022-07-13,84.6,-0.4000000000000057,0,0,2023-08-31,0,2023-12-03,,1,1
101165,Chris,Davis,SCH004,2021,2022-03-29,83.3,-1.7000000000000028,0,0,2023-05-03,0,2022-10-13,,1,1
101195,Chris,Miller,SCH001,2023,2021-03-15,86.4,1.4000000000000057,1,1,2022-01-14,0,2022-03-11,,1,1
101204,Emily,Miller,SCH003,2023,2021-08-02,69.6,-15.400000000000006,0,0,2021-05-07,0,2022-12-12,,0,0
101214,Emily,Taylor,SCH002,2022,2021-04-03,72.8,-12.200000000000003,0,0,,1,2022-12-23,1.79,0,0
101226,Daniel,Wilson,SCH002,2021,2021-07-08,85.9,0.9000000000000057,1,1,2023-05-26,0,2023-09-26,,1,1
101234,Ashley,Taylor,SCH001,2022,2022-10-02,92.8,7.799999999999997,1,1,2023-03-13,1,2022-12-16,2.55,1,0
101252,David,Davis,SCH002,2021,2023-01-14,82.0,-3.0,0,0,2021-06-22,1,2023-07-11,1.91,1,1
101264,Ashley,Johnson,SCH004,2022,2023-01-31,88.7,3.700000000000003,1,0,2022-05-13,0,2023-01-25,,1,1
101270,Chris,Wilson,SCH003,2023,2022-09-18,81.9,-3.0999999999999943,0,0,2021-05-01,0,2021-12-25,,1,1
101275,Chris,Moore,SCH004,2021,2022-03-08,93.9,8.900000000000006,1,1,2022-06-26,1,2022-11-21,2.39,1,0
101309,James,Miller,SCH003,2023,2022-08-13,79.6333065940079,-5.366693405992095,0,0,2022-12-11,1,2021-11-26,1.08,1,0
101353,Michael,Taylor,SCH005,2022,2023-04-01,77.5,-7.5,0,0,2022-12-01,0,2022-05-12,,1,0
101377,Taylor,Smith,SCH005,2023,2021-07-10,87.23879426747735,2.2387942674773456,1,0,2022-06-21,0,2024-03-31,,1,1
101402,Daniel,Miller,SCH004,2021,2023-05-05,79.2,-5.799999999999997,0,0,2023-02-19,0,2021-10-03,,1,0
101408,Michael,Smith,SCH005,2022,2020-11-21,73.5,-11.5,0,0,2022-12-27,0,2022-08-06,,0,0
101416,Michael,Garcia,SCH003,2023,2022-09-05,67.6,-17.400000000000006,0,0,2022-07-09,0,2021-10-31,,0,0
101427,Daniel,Anderson,SCH004,2023,2021-05-11,90.4,5.400000000000006,1,0,2023-03-15,0,2023-06-26,,1,0
101451,Maria,Miller,SCH004,2023,2022-06-22,85.1,0.09999999999999432,1,1,2021-05-28,1,2022-07-27,3.4,1,1
101483,Taylor,Garcia,SCH001,2023,2021-09-08,57.3,-27.700000000000003,0,0,2022-08-08,0,2021-12-11,,0,0
101502,David,Smith,SCH003,2023,2023-03-23,70.1,-14.900000000000006,0,0,2021-04-12,0,2022-08-03,,0,0
101510,David,Brown,SCH004,2022,2021-07-05,70.1,-14.900000000000006,0,0,2023-01-12,0,2024-02-29,,0,0
101539,David,Wilson,SCH001,2023,2021-06-07,60.9,-24.1,0,0,2022-03-21,0,2023-11-01,,0,0
101587,David,Davis,SCH003,2023,2023-01-06,51.6,-33.4,0,0,2023-01-05,1,2021-11-20,1.28,0,0
101609,James,Wilson,SCH005,2022,2021-12-08,82.9,-2.0999999999999943,0,0,2022-09-26,1,2021-11-20,3.98,1,1
101619,Michael,Wilson,SCH004,2023,2022-04-05,76.2,-8.799999999999997,0,0,2022-03-23,0,2023-01-29,,1,0
101633,Ashley,Davis,SCH002,2022,2023-05-22,79.6,-5.400000000000006,0,0,2023-08-28,0,2022-07-04,,1,0
101654,Taylor,Anderson,SCH005,2021,2022-11-23,77.9,-7.099999999999994,0,0,2022-02-21,0,2023-03-24,,1,0
101656,Michael,Garcia,SCH002,2023,2021-11-24,78.6,-6.400000000000006,0,1,2022-07-27,1,2023-11-02,2.85,1,0
101679,Emily,Wilson,SCH004,2023,2022-04-02,71.8,-13.200000000000003,0,0,2022-04-19,0,2024-01-29,,0,0
101695,Ashley,Garcia,SCH002,2023,2023-02-05,62.8,-22.200000000000003,0,0,2022-11-25,0,2021-11-12,,0,0
101710,Sarah,Johnson,SCH003,2023,2022-03-08,66.1,-18.900000000000006,0,0,2022-02-10,0,2023-10-09,,0,0
101740,Taylor,Taylor,SCH002,2021,2023-08-09,97.65288179428445,12.652881794284454,1,1,2023-01-17,1,2022-04-18,3.29,0,0
101741,Michael,Taylor,SCH005,2023,2022-10-17,88.6,3.5999999999999943,1,1,2023-01-06,0,2022-11-15,,1,1
101760,Chris,Garcia,SCH001,2022,2021-02-02,81.1,-3.9000000000000057,0,0,,0,2024-01-18,,1,1
101763,Maria,Davis,SCH003,2022,2021-09-13,74.8,-10.200000000000003,0,0,2023-08-08,0,2023-12-04,,0,0
101764,Chris,Smith,SCH004,2023,2022-10-11,63.8,-21.200000000000003,0,0,2021-12-08,0,2023-09-17,,0,0
101784,Maria,Smith,SCH004,2021,2023-05-06,84.4,-0.5999999999999943,0,0,2021-08-27,0,2023-06-16,,1,1
101786,Daniel,Davis,SCH004,2023,2023-02-16,91.6,6.599999999999994,1,1,2023-04-24,0,2022-06-14,,1,0
101832,Chris,Johnson,SCH005,2023,2021-12-29,73.1,-11.900000000000006,0,0,2023-07-26,0,2022-04-01,,0,0
101833,Ashley,Moore,SCH002,2023,2023-01-02,75.4,-9.599999999999994,0,0,2022-04-06,0,2023-02-26,,1,0
101839,Chris,Johnson,SCH002,2021,2022-09-29,82.0,-3.0,0,0,2023-07-09,0,2023-03-15,,1,1
101858,Emily,Anderson,SCH003,2022,2022-10-19,79.0,-6.0,0,1,2021-09-11,0,2023-09-03,,1,0
101862,Michael,Miller,SCH005,2021,2020-12-15,80.9,-4.099999999999994,0,0,2021-01-31,0,2023-03-12,,1,1
101871,Ashley,Miller,SCH005,2022,2021-10-13,78.15719758107713,-6.842802418922872,0,0,2022-09-06,1,2024-06-09,2.38,1,0
101875,Daniel,Johnson,SCH001,2021,2020-11-16,61.2,-23.799999999999997,0,0,2021-10-22,0,2022-09-03,,0,0
101910,David,Garcia,SCH002,2023,2021-08-12,65.3,-19.700000000000003,0,0,2023-05-19,0,2021-11-30,,0,0
101925,Maria,Smith,SCH001,2022,2020-09-28,80.8,-4.200000000000003,0,0,2022-08-10,1,2022-01-01,3.04,1,1
101931,Emily,Miller,SCH005,2021,2022-02-11,64.2,-20.799999999999997,0,1,,1,2022-11-12,2.25,0,0
101940,Emily,Garcia,SCH001,2023,2020-12-07,80.6,-4.400000000000006,0,0,2023-05-08,1,2022-04-30,2.42,1,1
101988,Maria,Johnson,SCH001,2022,2021-09-23,66.2,-18.799999999999997,0,0,,1,2023-12-03,1.94,0,0
101995,Taylor,Davis,SCH004,2023,2022-09-17,67.4,-17.599999999999994,0,1,2023-01-20,0,2022-10-06,,0,0
101996,James,Smith,SCH002,2021,2023-03-14,82.72863264707057,-2.271367352929431,0,0,2021-08-15,0,2023-03-06,,1,1
100004,Daniel,Wilson,SCH003,2021,2020-10-01,88.4,3.4000000000000057,1,1,,1,,3.09,1,1
100034,Taylor,Taylor,SCH002,2022,2021-12-30,59.4,-25.6,0,0,2022-05-27,1,2022-08-02,0.83,0,0
100041,David,Garcia,SCH002,2021,2021-01-06,79.0,-6.0,0,0,2022-07-15,1,2023-03-09,2.52,1,0
100049,Daniel,Brown,SCH001,2021,2021-07-17,49.9,-35.1,0,0,,0,2022-10-31,,0,0
100059,James,Brown,SCH005,2021,2021-02-04,95.5,10.5,1,1,2022-10-21,0,2021-12-13,,0,0
100073,James,Moore,SCH002,2023,2021-04-22,83.85329833487629,-1.1467016651237145,0,0,2021-02-09,0,2024-05-13,,1,1
100076,Ashley,Garcia,SCH002,2023,2021-12-01,75.5,-9.5,0,0,2023-01-04,0,2022-10-06,,1,0
100083,Sarah,Smith,SCH002,2021,2022-09-12,80.0,-5.0,0,0,2021-04-18,1,2022-01-29,2.5,1,1
100089,Taylor,Wilson,SCH003,2023,2020-10-09,79.5,-5.5,0,1,2021-01-16,1,2022-08-05,2.18,1,0
100104,James,Davis,SCH003,2023,2022-09-12,77.7,-7.299999999999997,0,0,2022-12-25,0,2022-02-04,,1,0
100109,Emily,Johnson,SCH005,2022,2020-10-10,90.8957545902329,5.895754590232897,1,1,2022-07-10,0,2022-07-17,,1,0
100116,James,Miller,SCH005,2022,2021-11-29,76.0,-9.0,0,0,,0,2023-10-01,,1,0
100123,Michael,Garcia,SCH003,2023,2022-08-28,67.9,-17.099999999999994,0,0,2022-09-19,0,2024-04-06,,0,0
100129,David,Smith,SCH002,2022,2023-04-02,84.1,-0.9000000000000057,0,0,2022-03-03,0,2024-07-22,,1,1
100156,David,Smith,SCH001,2022,2021-09-14,82.1,-2.9000000000000057,0,0,2021-03-07,1,2024-06-15,2.33,1,1
100176,Ashley,Taylor,SCH001,2022,2021-09-14,73.9,-11.099999999999994,0,0,2021-12-22,0,2023-11-16,,0,0
100223,Taylor,Brown,SCH005,2021,2022-02-09,84.9,-0.09999999999999432,0,0,2021-07-19,1,2023-06-30,3.01,1,1
100248,Emily,Brown,SCH001,2021,2023-05-12,76.3,-8.700000000000003,0,0,2023-04-24,0,2024-02-16,,1,0
100265,Sarah,Miller,SCH005,2023,2022-06-15,50.5,-34.5,0,0,2021-12-04,0,2023-12-04,,0,0
100277,James,Davis,SCH005,2022,2023-01-23,82.6,-2.4000000000000057,0,0,2022-12-04,0,2023-11-08,,1,1
100283,Michael,Davis,SCH003,2021,2023-05-06,74.1,-10.900000000000006,0,0,2021-01-22,0,2022-12-16,,0,0
100292,Chris,Smith,SCH005,2022,2023-02-24,83.6,-1.4000000000000057,0,0,2021-12-05,0,2021-09-02,,1,1
100310,David,Miller,SCH005,2022,2021-06-11,64.7,-20.299999999999997,0,0,2022-09-09,0,2021-09-26,,0,0
100322,Daniel,Johnson,SCH003,2022,2021-04-24,80.5,-4.5,0,1,2023-05-14,0,2024-02-05,,1,1
100336,Maria,Moore,SCH004,2023,2022-07-21,69.4,-15.599999999999994,0,0,2021-02-06,0,2022-01-31,,0,0
100337,Daniel,Johnson,SCH002,2021,2021-09-24,72.4,-12.599999999999994,0,1,2021-01-18,1,2024-03-27,2.15,0,0
100340,Sarah,Garcia,SCH005,2021,2020-11-29,76.3,-8.700000000000003,0,0,2022-01-22,0,2024-04-01,,1,0
100342,Daniel,Anderson,SCH005,2021,2020-10-07,77.1,-7.900000000000006,0,0,2021-12-30,0,2022-04-06,,1,0
100344,Daniel,Moore,SCH005,2023,2023-02-26,82.8,-2.200000000000003,0,0,2023-04-27,1,2022-10-16,2.65,1,1
100350,James,Johnson,SCH003,2023,2023-05-27,72.6,-12.400000000000006,0,0,2023-05-25,0,2022-06-16,,0,0
100355,James,Smith,SCH002,2021,2022-05-07,83.5,-1.5,0,0,2023-02-23,0,2023-01-23,,1,1
100368,Michael,Moore,SCH001,2023,2022-02-11,79.5,-5.5,0,0,2021-05-12,0,2022-11-13,,1,0
100372,James,Davis,UNKNOWN,2022,2022-03-04,81.0,-4.0,0,0,2021-06-14,1,2021-09-23,2.58,1,1
100387,Maria,Smith,SCH003,2023,2021-02-24,84.8,-0.20000000000000284,0,0,2022-06-11,1,2023-11-12,2.36,1,1
100405,James,Wilson,SCH004,2021,2022-03-15,78.2,-6.799999999999997,0,0,2022-09-06,1,2024-08-06,2.94,1,0
100410,Daniel,Wilson,SCH003,2023,2023-03-20,70.4,-14.599999999999994,0,0,2021-02-07,0,2022-01-24,,0,0
100431,Ashley,Brown,SCH003,2023,2021-05-26,88.8,3.799999999999997,1,1,2023-07-16,1,2022-12-26,2.5,1,1
100461,Sarah,Anderson,UNKNOWN,2021,2022-01-19,75.5,-9.5,0,0,2022-12-23,1,2023-06-22,2.05,1,0
100477,Michael,Wilson,SCH003,2023,2021-06-14,85.6,0.5999999999999943,1,1,2023-05-17,0,2022-01-18,,1,1
100492,Daniel,Johnson,SCH003,2023,2021-04-24,70.0,-15.0,0,0,2022-08-12,0,2024-04-04,,0,0
100494,David,Miller,SCH004,2021,2022-12-15,60.1,-24.9,0,0,2022-08-10,1,2023-12-10,1.78,0,0
100495,Sarah,Miller,SCH005,2023,2021-03-02,80.0,-5.0,0,0,2021-05-05,1,2021-11-05,2.73,1,1
100527,Taylor,Anderson,SCH003,2022,2021-01-17,75.5,-9.5,0,0,2022-04-11,0,2021-12-12,,1,0
100555,Michael,Johnson,SCH001,2022,2022-10-05,81.35283390559928,-3.647166094400717,0,0,2021-04-26,0,2022-03-31,,1,1
100559,Maria,Miller,SCH001,2021,2021-11-26,68.5,-16.5,0,0,,0,,,0,0
100572,Taylor,Smith,SCH001,2022,2021-11-24,99.3,14.299999999999997,1,1,2022-05-11,1,2024-04-11,3.09,0,0
100579,Daniel,Davis,SCH003,2021,2021-07-28,98.7,13.700000000000003,1,0,2023-02-18,0,2024-03-17,,0,0
100599,Maria,Wilson,SCH005,2022,2021-02-13,69.2,-15.799999999999997,0,0,2022-07-16,0,2023-01-25,,0,0
100623,Maria,Davis,SCH003,2022,2021-09-06,74.0,-11.0,0,0,2021-11-02,1,2022-10-25,2.3,0,0
100625,Chris,Anderson,SCH005,2022,2021-12-12,91.1,6.099999999999994,1,0,2023-01-27,1,2022-02-18,2.77,1,0
100666,James,Moore,SCH002,2023,2022-11-12,81.4,-3.5999999999999943,0,0,2021-11-12,0,2022-05-08,,1,1
100667,Michael,Moore,SCH002,2023,2021-06-07,58.7,-26.299999999999997,0,1,2023-03-14,0,2022-02-11,,0,0
100672,Chris,Smith,SCH002,2021,2022-10-01,69.7,-15.299999999999997,0,0,2023-01-30,1,2023-06-08,2.78,0,0
100690,Maria,Smith,SCH004,2022,2022-10-27,100.0,15.0,1,1,2023-02-28,0,2024-04-22,,0,0
100714,Daniel,Moore,SCH002,2021,2022-04-18,75.5,-9.5,0,0,2023-04-11,0,2023-01-20,,1,0
100782,David,Miller,SCH004,2023,2020-10-11,82.8,-2.200000000000003,0,0,2021-05-23,1,2022-12-14,2.24,1,1
100805,Ashley,Garcia,SCH002,2021,2022-07-19,62.0,-23.0,0,0,2022-07-12,0,2023-09-26,,0,0
100833,Sarah,Taylor,SCH002,2021,2022-07-27,79.5,-5.5,0,0,2022-01-10,1,2023-06-14,2.43,1,0
100857,James,Garcia,SCH004,2023,2022-04-17,97.4,12.400000000000006,1,0,2022-05-16,1,2024-01-18,2.9,0,0
100911,Daniel,Garcia,SCH001,2022,2022-02-06,88.7,3.700000000000003,1,1,2023-02-16,1,2021-08-06,2.37,1,1
100952,Taylor,Davis,SCH002,2022,2021-01-01,82.6,-2.4000000000000057,0,0,2023-03-22,0,2024-08-22,,1,1
100964,Michael,Moore,SCH004,2022,2021-06-07,77.4,-7.599999999999994,0,0,2021-08-08,0,2022-12-28,,1,0
100967,Taylor,Brown,SCH001,2021,2022-11-18,68.6,-16.400000000000006,0,0,2021-12-23,1,2024-07-01,1.59,0,0
100978,Sarah,Taylor,SCH002,2023,2022-10-15,91.5,6.5,1,1,2022-02-24,1,2022-08-29,2.03,1,0
100980,Michael,Davis,SCH002,2023,2021-01-17,70.1,-14.900000000000006,0,0,2021-08-08,1,2022-04-22,2.14,0,0
101005,Ashley,Davis,SCH004,2023,2021-10-21,54.6,-30.4,0,0,2023-03-01,0,2023-05-18,,0,0
101011,Chris,Garcia,SCH005,2021,2021-09-01,70.2,-14.799999999999997,0,0,2022-11-09,1,2023-03-29,,0,0
101025,Sarah,Taylor,SCH005,2021,2020-10-02,80.8,-4.200000000000003,0,1,2022-11-16,1,2022-03-19,2.14,1,1
101044,David,Garcia,UNKNOWN,2023,2023-03-08,80.3,-4.700000000000003,0,0,2023-06-12,1,,3.21,1,1
101045,Ashley,Smith,SCH001,2021,2021-08-01,72.1,-12.900000000000006,0,0,2022-10-21,0,2022-12-02,,0,0
101046,Michael,Smith,SCH001,2022,2022-10-28,79.5,-5.5,0,0,2023-02-25,0,2023-03-16,,1,0
101049,Sarah,Moore,SCH001,2023,2022-04-05,86.6,1.5999999999999943,1,1,2023-03-31,0,2022-06-29,,1,1
101054,James,Smith,SCH001,2023,2022-04-07,80.0,-5.0,0,0,2023-04-16,0,2024-07-04,,1,1
101056,Michael,Brown,SCH003,2021,2023-04-25,72.7,-12.299999999999997,0,0,2022-04-21,0,2022-01-28,,0,0
101062,Maria,Davis,SCH004,2021,2021-06-21,66.6,-18.400000000000006,0,0,2021-04-12,1,2021-08-31,2.19,0,0
101096,Sarah,Miller,SCH003,2022,2021-01-07,69.3,-15.700000000000003,0,1,2023-02-05,0,2023-03-08,,0,0
101099,Daniel,Anderson,SCH002,2022,2021-05-09,89.1010076396959,4.101007639695894,1,1,2023-05-18,1,2024-01-17,2.67,1,1
101115,Michael,Moore,SCH002,2022,2022-07-30,82.5,-2.5,0,0,2022-10-19,0,2022-02-25,,1,1
101124,Maria,Wilson,SCH004,2023,2022-01-18,67.8,-17.200000000000003,0,0,2022-07-20,0,2024-02-25,,0,0
101167,Ashley,Johnson,SCH002,2021,2022-12-25,91.8,6.799999999999997,1,1,2022-04-03,0,2022-06-17,,1,0
101168,David,Wilson,UNKNOWN,2022,2021-05-03,95.1,10.099999999999994,1,0,2021-05-25,1,2021-12-10,2.34,0,0
101197,Chris,Anderson,SCH003,2022,2021-04-13,80.7,-4.299999999999997,0,0,2023-02-25,0,2022-10-26,,1,1
101207,Taylor,Brown,SCH001,2022,2023-04-20,82.4,-2.5999999999999943,0,0,2023-06-17,0,2021-09-16,,1,1
101227,Ashley,Smith,SCH004,2021,2023-02-02,70.4,-14.599999999999994,0,0,2022-05-29,0,,,0,0
101243,James,Brown,SCH003,2021,2023-04-22,81.0,-4.0,0,0,2023-02-28,0,2021-11-30,,1,1
101246,Chris,Miller,SCH002,2021,2020-09-14,75.2,-9.799999999999997,0,0,2022-05-30,0,2024-07-12,,1,0
101251,Emily,Brown,SCH002,2023,2021-10-09,74.9,-10.099999999999994,0,0,2023-01-05,0,2023-12-29,,0,0
101256,Ashley,Davis,SCH004,2022,2022-12-06,96.6,11.599999999999994,1,1,2022-05-29,0,2023-10-12,,0,0
101269,Maria,Brown,SCH001,2023,2022-08-05,64.9,-20.099999999999994,0,0,2022-12-24,0,2023-04-12,,0,0
101276,James,Taylor,SCH004,2021,2020-12-04,77.7,-7.299999999999997,0,0,2021-01-26,0,2022-09-24,,1,0
101342,Ashley,Anderson,SCH005,2021,2021-11-13,71.9,-13.099999999999994,0,0,2022-05-25,0,2023-03-29,,0,0
101360,James,Anderson,SCH002,2022,2023-05-26,64.6,-20.400000000000006,0,0,2023-08-10,1,2024-08-27,,0,0
101364,Ashley,Smith,SCH003,2022,2021-04-01,90.9,5.900000000000006,1,1,2022-04-23,0,2023-02-13,,1,0
101366,Taylor,Garcia,SCH004,2022,2021-05-13,75.19185701492155,-9.808142985078447,0,0,2021-07-23,0,2023-08-26,,1,0
101403,Michael,Taylor,SCH005,2021,2022-04-26,80.6,-4.400000000000006,0,0,2021-12-02,0,2024-03-12,,1,1
101419,Taylor,Johnson,SCH004,2023,2022-12-25,67.6,-17.400000000000006,0,1,2022-01-12,0,2024-01-16,,0,0
101438,Emily,Brown,SCH004,2022,2021-04-22,73.6,-11.400000000000006,0,0,2021-10-31,1,2024-06-16,1.46,0,0
101466,Maria,Garcia,SCH005,2023,2021-02-28,74.3,-10.700000000000003,0,0,2022-11-22,1,2022-07-13,1.93,0,0
101479,Emily,Anderson,SCH005,2023,2023-03-02,71.2,-13.799999999999997,0,0,2022-10-14,0,2024-08-19,,0,0
101484,David,Miller,SCH004,2022,2021-09-12,92.2,7.200000000000003,1,1,2022-07-22,0,,,1,0
101494,David,Wilson,SCH003,2023,2022-01-25,84.2,-0.7999999999999972,0,0,2021-03-16,0,2022-01-06,,1,1
101498,James,Smith,SCH004,2022,2022-09-12,77.8,-7.200000000000003,0,0,2021-09-10,0,2022-04-03,,1,0
101511,Taylor,Wilson,SCH003,2023,2020-12-22,87.7,2.700000000000003,1,1,2022-06-12,0,,,1,1
101525,Maria,Anderson,SCH001,2023,2021-12-25,83.7,-1.2999999999999972,0,0,2022-06-09,1,2024-06-21,2.39,1,1
101530,Maria,Miller,SCH005,2021,2022-03-24,84.7,-0.29999999999999716,0,0,2023-04-21,0,2022-06-18,,1,1
101564,Chris,Anderson,SCH002,2023,2022-02-21,80.4,-4.599999999999994,0,0,2022-02-09,1,2022-08-27,2.86,1,1
101590,Daniel,Wilson,SCH005,2023,2023-01-22,57.9,-27.1,0,0,2021-06-04,0,2024-01-07,,0,0
101593,Sarah,Johnson,SCH005,2023,2021-11-26,89.8,4.799999999999997,1,1,2023-02-08,0,2022-02-27,,1,1
101595,Chris,Johnson,SCH003,2023,2022-06-13,72.1,-12.900000000000006,0,0,2023-01-07,0,2022-03-20,,0,0
101605,Taylor,Wilson,SCH003,2022,2022-08-19,80.7,-4.299999999999997,0,0,2023-06-19,0,2021-10-28,,1,1
101615,Sarah,Miller,SCH005,2023,2022-05-06,73.7,-11.299999999999997,0,0,2021-02-22,0,2021-11-12,,0,0
101640,James,Johnson,SCH003,2021,2021-06-11,90.7,5.700000000000003,1,1,2022-03-11,1,2021-12-13,3.49,1,0
101655,Sarah,Johnson,SCH001,2021,2021-06-30,80.3,-4.700000000000003,0,0,2021-06-03,0,2023-01-08,,1,1
101703,James,Taylor,SCH003,2023,2022-04-04,69.7,-15.299999999999997,0,0,2022-08-17,0,2022-06-02,,0,0
101711,Sarah,Smith,SCH002,2022,2022-09-16,82.4,-2.5999999999999943,0,0,2021-09-27,0,2022-10-27,,1,1
101716,James,Brown,SCH002,2022,2023-05-07,87.7,2.700000000000003,1,1,2023-01-27,1,2024-01-18,2.73,1,1
101721,Sarah,Garcia,UNKNOWN,2023,2021-04-06,80.5,-4.5,0,1,2021-08-05,1,2022-02-13,3.35,1,1
101723,Taylor,Taylor,SCH005,2023,2022-11-15,85.1,0.09999999999999432,1,1,2022-09-29,0,2023-08-31,,1,1
101724,Taylor,Wilson,SCH004,2021,2022-05-05,75.5,-9.5,0,0,2022-06-30,0,2023-11-26,,1,0
101725,Chris,Anderson,SCH005,2022,2021-02-05,69.3,-15.700000000000003,0,0,2021-12-25,0,2022-12-20,,0,0
101736,Michael,Wilson,SCH005,2023,2023-02-11,61.0,-24.0,0,0,2021-03-14,0,2024-06-04,,0,0
101752,Chris,Moore,SCH004,2023,2020-11-07,76.4,-8.599999999999994,0,0,2022-07-25,0,2023-10-04,,1,0
101766,Daniel,Anderson,SCH005,2023,2022-05-28,67.4,-17.599999999999994,0,0,2023-06-07,0,2022-12-20,,0,0
101777,Emily,Garcia,SCH002,2021,2022-04-21,75.8,-9.200000000000003,0,0,2021-02-05,0,2023-08-07,,1,0
101794,Ashley,Brown,SCH005,2023,2022-09-22,78.9,-6.099999999999994,0,0,2023-07-12,0,2024-07-27,,1,0
101820,David,Brown,SCH002,2022,2021-02-04,78.4,-6.599999999999994,0,0,2022-03-18,1,2022-02-16,1.42,1,0
101827,James,Johnson,SCH005,2022,2022-08-20,71.8,-13.200000000000003,0,0,2021-04-18,0,2024-06-26,,0,0
101830,David,Miller,SCH003,2022,2023-02-22,68.8,-16.200000000000003,0,0,2022-07-27,0,2022-03-18,,0,0
101831,Chris,Smith,SCH004,2022,2022-05-05,84.3,-0.7000000000000028,0,0,2022-11-11,1,2023-09-03,2.71,1,1
101836,Daniel,Garcia,SCH005,2021,2021-08-15,70.0,-15.0,0,1,,1,2022-07-05,3.05,0,0
101865,Sarah,Miller,SCH002,2022,2021-01-24,75.2,-9.799999999999997,0,0,2021-02-03,1,2023-02-07,2.28,1,0
101891,Taylor,Davis,SCH002,2021,2022-02-26,80.2,-4.799999999999997,0,0,2021-09-19,0,2023-06-12,,1,1
101892,Taylor,Taylor,SCH003,2021,2020-12-12,78.0,-7.0,0,0,2022-06-15,0,2023-08-28,,1,0
101893,James,Moore,SCH005,2023,2022-08-10,71.1,-13.900000000000006,0,0,2021-03-23,0,2023-10-21,,0,0
101905,Michael,Brown,SCH002,2023,2022-03-05,81.3,-3.700000000000003,0,0,2022-02-21,1,2022-03-30,2.46,1,1
101928,Michael,Davis,SCH002,2023,2020-10-25,80.1,-4.900000000000006,0,0,2021-01-05,0,2022-12-01,,1,1
101936,Sarah,Taylor,SCH001,2022,2023-04-01,100.0,15.0,1,1,2022-12-10,1,2023-11-17,2.96,0,0
101946,James,Wilson,SCH005,2022,2023-01-04,71.4,-13.599999999999994,0,0,2023-06-19,1,2022-01-20,2.5,0,0
101950,Maria,Wilson,SCH004,2022,2021-03-04,75.4,-9.599999999999994,0,1,2022-06-02,1,2024-03-13,2.61,1,0
101951,David,Garcia,SCH001,2021,2022-05-03,61.1,-23.9,0,0,2023-08-04,0,2022-10-05,,0,0
100013,Michael,Garcia,SCH002,2022,2021-04-02,74.9547220687983,-10.045277931201696,0,0,2021-05-04,0,2023-01-10,,0,0
100016,Sarah,Garcia,SCH002,2021,2022-02-08,79.2,-5.799999999999997,0,0,2021-01-16,0,2023-12-18,,1,0
100062,Maria,Garcia,SCH004,2022,2021-09-01,66.2,-18.799999999999997,0,0,2021-07-24,0,2022-03-17,,0,0
100084,Chris,Wilson,SCH001,2023,2020-09-07,66.5,-18.5,0,0,2022-08-26,0,2021-09-16,,0,0
100091,Maria,Wilson,SCH002,2023,2022-02-11,62.2,-22.799999999999997,0,0,2021-09-12,0,2023-04-23,,0,0
100114,Maria,Taylor,SCH001,2022,2021-08-22,65.8,-19.200000000000003,0,0,2023-03-30,1,2022-10-06,2.26,0,0
100117,David,Taylor,SCH004,2021,2022-12-04,69.9,-15.099999999999994,0,0,2023-04-11,0,2021-09-13,,0,0
100139,Ashley,Anderson,SCH002,2021,2020-09-06,75.4,-9.599999999999994,0,0,2022-08-18,0,2023-12-10,,1,0
100140,David,Taylor,SCH005,2022,2023-01-17,69.1,-15.900000000000006,0,0,2021-04-09,0,2024-07-01,,0,0
100145,Ashley,Anderson,SCH002,2021,2021-10-25,77.7,-7.299999999999997,0,0,2021-04-26,0,2022-08-01,,1,0
100153,Michael,Brown,SCH004,2023,2021-11-19,61.5,-23.5,0,0,2023-06-22,1,2024-01-12,2.53,0,0
100174,Ashley,Taylor,SCH004,2022,2022-12-01,80.6,-4.400000000000006,0,0,2022-06-09,0,2022-12-26,,1,1
100181,Daniel,Brown,SCH001,2021,2021-07-23,77.2,-7.799999999999997,0,0,2022-04-21,0,2023-08-05,,1,0
100193,Maria,Wilson,SCH002,2021,2021-10-11,82.1,-2.9000000000000057,0,0,2022-06-24,1,2024-08-08,3.49,1,1
100194,Emily,Moore,SCH004,2021,2022-08-25,59.8,-25.200000000000003,0,0,2021-10-08,1,2024-04-04,1.93,0,0
100202,Michael,Garcia,SCH002,2022,2022-02-06,73.6,-11.400000000000006,0,0,2023-03-26,0,2022-02-07,,0,0
100215,Michael,Taylor,SCH004,2023,2020-10-20,67.9,-17.099999999999994,0,0,2021-06-29,0,2022-03-05,,0,0
100222,David,Anderson,SCH002,2022,2023-05-25,95.0,10.0,1,1,2021-04-25,0,2022-10-13,,1,0
100230,Daniel,Miller,SCH005,2021,2022-12-09,61.54762248947923,-23.45237751052077,0,1,2022-08-28,0,2021-12-30,,0,0
100273,Sarah,Wilson,SCH001,2022,2022-11-27,80.2,-4.799999999999997,0,0,2023-04-16,0,2022-03-15,,1,1
100274,Michael,Garcia,SCH005,2021,2023-02-01,56.8,-28.200000000000003,0,0,2023-01-21,1,2024-03-17,2.17,0,0
100284,David,Taylor,SCH005,2023,2022-05-08,86.1,1.0999999999999943,1,1,2021-07-16,1,2023-12-14,2.34,1,1
100303,James,Anderson,SCH001,2022,2021-12-10,84.0,-1.0,0,0,2022-02-26,1,2022-02-19,2.27,1,1
100334,Ashley,Anderson,SCH005,2023,2023-03-14,70.8,-14.200000000000003,0,0,2022-09-24,0,2023-11-12,,0,0
100411,Emily,Wilson,SCH004,2021,2022-01-27,82.4,-2.5999999999999943,0,0,2022-05-15,0,2024-05-27,,1,1
100452,Ashley,Smith,SCH003,2023,2021-12-12,65.6,-19.400000000000006,0,0,2022-03-11,1,2024-01-09,2.38,0,0
100481,Ashley,Johnson,SCH005,2021,2022-04-28,75.8,-9.200000000000003,0,1,2021-03-17,0,2022-07-29,,1,0
100491,David,Smith,SCH001,2023,2022-03-25,79.2,-5.799999999999997,0,0,2022-04-07,0,2022-12-28,,1,0
100501,Taylor,Taylor,SCH002,2021,2023-02-23,87.7,2.700000000000003,1,1,2021-02-25,0,2023-05-08,,1,1
100534,Ashley,Miller,SCH001,2023,2022-11-01,75.1,-9.900000000000006,0,0,2021-07-21,0,2024-06-22,,1,0
100550,Ashley,Smith,SCH003,2021,2022-10-28,94.1,9.099999999999994,1,0,2022-07-24,1,2022-10-29,2.42,1,0
100554,Maria,Davis,SCH002,2023,2020-12-08,66.4,-18.599999999999994,0,0,2021-08-26,0,2022-07-03,,0,0
100556,Chris,Davis,SCH001,2023,2023-05-02,77.7,-7.299999999999997,0,0,2022-06-23,0,2023-05-28,,1,0
100624,Emily,Brown,SCH003,2021,2022-01-31,80.1,-4.900000000000006,0,0,2022-10-31,1,2022-05-29,1.96,1,1
100644,Michael,Davis,SCH005,2022,2020-12-21,70.7,-14.299999999999997,0,0,2022-11-01,0,2023-10-17,,0,0
100648,Maria,Johnson,SCH005,2022,2022-10-17,81.2,-3.799999999999997,0,0,2021-12-01,0,2024-01-22,,1,1
100663,Chris,Anderson,SCH001,2023,2022-01-02,78.8,-6.200000000000003,0,0,2023-03-29,1,2022-07-13,2.14,1,0
100673,Sarah,Anderson,SCH002,2022,2020-10-04,74.49460970533707,-10.50539029466293,0,0,2022-07-01,0,2022-10-29,,0,0
100686,Emily,Taylor,SCH004,2021,2023-04-24,89.7,4.700000000000003,1,1,2021-02-22,1,2022-07-10,3.67,1,1
100692,Daniel,Davis,SCH004,2023,2022-02-27,65.9,-19.099999999999994,0,0,2022-09-18,1,2023-11-16,,0,0
100696,Daniel,Wilson,SCH003,2021,2022-07-10,76.6,-8.400000000000006,0,0,2022-08-28,0,2021-10-27,,1,0
100703,Maria,Brown,SCH003,2022,2020-12-02,74.0,-11.0,0,0,2023-03-16,0,2024-08-12,,0,0
100743,Maria,Brown,SCH005,2023,2021-11-28,83.1,-1.9000000000000057,0,0,2022-03-16,1,2023-01-05,2.76,1,1
100744,Michael,Miller,SCH002,2022,2023-05-23,77.4,-7.599999999999994,0,0,2022-04-15,1,2022-05-02,2.73,1,0
100745,Sarah,Miller,SCH005,2021,2022-04-05,88.3,3.299999999999997,1,1,2022-03-28,1,2022-11-24,2.98,1,1
100781,Daniel,Moore,SCH002,2022,2023-01-03,83.4,-1.5999999999999943,0,0,2023-07-12,1,2023-03-08,3.51,1,1
100795,Ashley,Anderson,SCH004,2023,2023-04-12,88.4,3.4000000000000057,1,1,2022-07-11,1,2021-10-03,2.1,1,1
100800,Maria,Taylor,SCH001,2023,2021-02-07,50.40640907868169,-34.59359092131831,0,0,2022-11-27,0,2024-03-16,,0,0
100826,Emily,Smith,SCH005,2023,2023-03-20,78.7,-6.299999999999997,0,0,2022-12-24,0,2021-09-09,,1,0
100829,Taylor,Smith,SCH004,2022,2022-05-20,79.9,-5.099999999999994,0,0,2023-03-03,0,2024-07-17,,1,0
100840,Emily,Garcia,SCH003,2021,2021-12-01,82.9,-2.0999999999999943,0,0,2022-11-08,0,2023-02-08,,1,1
100860,Sarah,Garcia,SCH005,2022,2022-10-22,76.3,-8.700000000000003,0,0,2021-06-08,0,,,1,0
100863,Emily,Garcia,SCH005,2023,2023-04-04,87.1,2.0999999999999943,1,1,2021-12-04,1,2022-10-19,2.57,1,1
100868,Ashley,Brown,SCH002,2023,2022-08-03,76.2,-8.799999999999997,0,0,2022-10-08,0,2023-07-26,,1,0
100869,James,Brown,SCH003,2021,2020-11-05,95.6,10.599999999999994,1,1,2023-07-29,0,2023-03-27,,0,0
100873,Taylor,Smith,SCH005,2022,2022-03-27,61.3,-23.700000000000003,0,0,2022-11-14,0,2022-10-11,,0,0
100874,Maria,Moore,SCH005,2021,2022-07-10,87.9,2.9000000000000057,1,0,2022-06-18,1,2022-12-27,2.52,1,1
100886,Daniel,Garcia,SCH001,2021,2022-08-25,88.69211985482994,3.69211985482994,1,1,2023-03-09,1,2021-08-15,,1,1
100899,Taylor,Garcia,SCH004,2021,2022-09-26,90.1,5.099999999999994,1,0,2021-05-11,0,2023-02-18,,1,0
100936,James,Johnson,SCH001,2021,2020-12-22,75.7,-9.299999999999997,0,0,2021-02-27,1,2022-02-27,2.07,1,0
100943,Chris,Garcia,SCH001,2022,2021-03-07,74.8,-10.200000000000003,0,0,2022-08-14,1,2021-10-11,2.77,0,0
100949,Ashley,Brown,SCH004,2023,2022-08-27,85.3,0.29999999999999716,1,1,2023-06-18,1,,2.78,1,1
100961,Chris,Taylor,SCH001,2021,2022-05-16,76.3,-8.700000000000003,0,0,2021-04-13,0,2021-11-08,,1,0
100969,Ashley,Wilson,SCH003,2022,2023-05-01,100.0,15.0,1,1,2022-02-04,0,2023-12-17,,0,0
100988,Maria,Moore,SCH004,2022,2023-02-10,86.9,1.9000000000000057,1,1,2022-09-10,1,2023-04-28,3.1,1,1
100999,Maria,Wilson,SCH002,2022,2021-03-03,94.6,9.599999999999994,1,1,2022-05-20,0,2021-09-23,,1,0
101022,Michael,Taylor,SCH001,2021,2021-01-14,85.8,0.7999999999999972,1,1,2023-01-15,0,2022-04-26,,1,1
101092,Sarah,Miller,SCH005,2022,2022-11-12,78.1786394050375,-6.821360594962499,0,0,2022-02-28,0,2022-11-22,,1,0
101107,Maria,Johnson,SCH002,2022,2021-04-18,60.5,-24.5,0,0,2022-01-03,0,2023-06-16,,0,0
101140,Daniel,Brown,SCH005,2023,2022-02-20,81.7,-3.299999999999997,0,0,2021-10-15,0,2024-06-20,,1,1
101174,James,Wilson,SCH003,2022,2022-07-30,81.4,-3.5999999999999943,0,0,2023-04-07,1,2023-10-31,2.28,1,1
101213,Emily,Wilson,SCH002,2022,2021-11-15,78.8,-6.200000000000003,0,0,2021-08-23,0,2023-05-10,,1,0
101228,Taylor,Davis,SCH003,2022,2022-01-18,79.3,-5.700000000000003,0,0,2021-02-09,1,2021-11-28,2.46,1,0
101230,Daniel,Garcia,SCH005,2023,2022-08-12,78.4,-6.599999999999994,0,0,2023-03-16,1,2022-08-28,3.21,1,0
101250,Michael,Davis,SCH002,2023,2021-04-14,64.8,-20.200000000000003,0,0,2021-12-26,0,2023-07-07,,0,0
101266,Chris,Johnson,SCH005,2021,2023-04-19,83.9,-1.0999999999999943,0,0,2021-08-13,0,2022-11-02,,1,1
101289,Sarah,Smith,SCH001,2023,2022-11-08,62.6,-22.4,0,0,2022-08-24,0,,,0,0
101291,Ashley,Anderson,SCH003,2023,2023-04-07,88.6,3.5999999999999943,1,1,2021-09-29,0,2022-12-19,,1,1
101330,Maria,Moore,SCH004,2021,2022-03-30,90.6,5.599999999999994,1,1,2021-09-05,1,2023-05-16,2.24,1,0
101349,Chris,Brown,SCH002,2022,2021-04-16,69.4,-15.599999999999994,0,0,2023-05-20,1,2023-09-02,2.16,0,0
101352,James,Smith,SCH005,2022,2023-03-04,81.0,-4.0,0,0,2023-02-04,0,2022-11-11,,1,1
101396,Daniel,Anderson,SCH003,2022,2022-07-09,72.3,-12.700000000000003,0,0,2022-09-07,0,2022-07-12,,0,0
101418,Chris,Moore,SCH001,2022,2022-10-31,73.3,-11.700000000000003,0,0,2022-12-28,0,2024-02-01,,0,0
101431,Maria,Davis,SCH004,2021,2022-08-26,85.7,0.7000000000000028,1,1,2022-01-16,0,2023-12-17,,1,1
101445,Taylor,Wilson,SCH003,2021,2022-09-09,76.0,-9.0,0,0,2022-12-18,0,2023-03-27,,1,0
101453,Daniel,Smith,SCH003,2021,2021-08-30,88.7,3.700000000000003,1,1,2022-03-12,0,2024-06-27,,1,1
101456,Sarah,Taylor,SCH001,2022,2022-03-21,84.9,-0.09999999999999432,0,0,2022-08-25,0,2023-01-19,,1,1
101457,Daniel,Smith,SCH001,2021,2021-01-07,93.9,8.900000000000006,1,1,2021-08-26,1,2022-11-24,3.22,1,0
101459,Sarah,Moore,SCH003,2022,2022-01-02,59.9,-25.1,0,0,2022-11-15,0,2024-08-26,,0,0
101503,Daniel,Garcia,UNKNOWN,2023,2022-11-16,76.5,-8.5,0,0,2021-06-04,0,2024-07-12,,1,0
101505,Taylor,Moore,SCH003,2021,2021-12-29,80.3,-4.700000000000003,0,0,2021-04-15,1,2022-09-07,2.26,1,1
101507,Ashley,Anderson,SCH003,2023,2020-12-11,78.2,-6.799999999999997,0,0,,0,2023-12-20,,1,0
101527,Chris,Wilson,SCH003,2021,2021-10-12,72.6,-12.400000000000006,0,0,2021-05-06,1,2024-01-15,2.38,0,0
101533,Chris,Brown,SCH001,2023,2021-07-22,80.9,-4.099999999999994,0,0,2023-08-03,0,2023-08-13,,1,1
101543,Daniel,Taylor,SCH003,2022,2021-02-15,83.3,-1.7000000000000028,0,0,2022-02-18,1,2022-12-07,1.81,1,1
101576,Taylor,Smith,SCH005,2021,2022-08-27,85.6,0.5999999999999943,1,1,2021-01-17,1,2023-11-17,2.95,1,1
101578,Taylor,Wilson,SCH002,2022,2021-11-29,82.5,-2.5,0,0,2021-01-09,1,2021-10-21,2.22,1,1
101582,Taylor,Moore,SCH005,2022,2022-09-16,86.4,1.4000000000000057,1,1,2022-05-24,1,2021-11-17,2.06,1,1
101586,James,Taylor,SCH002,2022,2021-02-17,77.9,-7.099999999999994,0,0,2022-07-25,1,2022-10-21,2.13,1,0
101614,Chris,Wilson,SCH001,2022,2020-09-08,62.5,-22.5,0,0,2022-06-25,0,2021-10-10,,0,0
101639,Chris,Davis,SCH005,2022,2021-07-29,95.1,10.099999999999994,1,0,2022-03-11,1,2023-07-22,2.13,0,0
101648,Sarah,Johnson,SCH003,2022,2022-01-15,57.8,-27.200000000000003,0,0,2023-02-05,0,2024-01-17,,0,0
101667,Chris,Brown,SCH005,2023,2022-07-25,100.0,15.0,1,1,,0,2023-08-09,,0,0
101672,Daniel,Davis,SCH005,2022,2022-04-04,83.1,-1.9000000000000057,0,0,2021-05-08,0,2023-03-03,,1,1
101688,Taylor,Johnson,SCH005,2021,2020-09-03,92.9,7.900000000000006,1,1,2023-06-10,1,2023-05-15,3.18,1,0
101713,Daniel,Anderson,SCH002,2022,2022-07-28,81.26739505518321,-3.732604944816785,0,0,2022-11-30,1,2022-09-29,1.73,1,1
101729,Taylor,Taylor,SCH002,2022,2022-09-05,64.9,-20.099999999999994,0,0,2023-05-06,0,2021-09-23,,0,0
101731,Emily,Anderson,SCH005,2022,2021-10-15,81.3,-3.700000000000003,0,0,2023-05-07,0,2022-07-01,,1,1
101735,Chris,Davis,SCH001,2022,2021-12-04,71.7,-13.299999999999997,0,0,2023-02-07,0,2022-04-26,,0,0
101739,Ashley,Wilson,SCH005,2023,2021-09-14,75.9,-9.099999999999994,0,0,2021-03-20,0,2023-01-28,,1,0
101744,James,Anderson,SCH001,2021,2021-04-28,77.2,-7.799999999999997,0,0,2022-09-10,0,2023-07-15,,1,0
101788,Maria,Wilson,SCH005,2023,2022-04-27,82.2,-2.799999999999997,0,0,2022-06-17,1,2024-03-11,2.56,1,1
101796,Daniel,Davis,SCH003,2022,2023-01-26,79.0,-6.0,0,0,2022-10-19,0,2024-07-12,,1,0
101811,James,Davis,SCH002,2023,2022-01-18,82.1,-2.9000000000000057,0,0,2022-02-12,1,,2.23,1,1
101834,Emily,Smith,SCH004,2022,2022-03-20,69.8,-15.200000000000003,0,0,2021-09-25,1,2023-11-08,2.05,0,0
101841,David,Anderson,SCH005,2022,2022-08-26,77.0,-8.0,0,0,2022-09-23,0,2022-02-17,,1,0
101855,Daniel,Johnson,SCH002,2021,2023-04-30,80.8,-4.200000000000003,0,0,2022-04-25,0,2022-12-24,,1,1
101889,Emily,Johnson,SCH003,2023,2021-02-24,75.0,-10.0,0,0,,0,2024-03-09,,1,0
101897,Sarah,Taylor,SCH003,2023,2021-05-26,86.0,1.0,1,1,2022-03-09,0,2023-12-09,,1,1
101945,Emily,Taylor,SCH003,2022,2022-02-22,86.8,1.7999999999999972,1,1,2022-09-25,0,2022-01-31,,1,1
101961,James,Johnson,SCH005,2023,2023-02-28,84.1,-0.9000000000000057,0,1,2021-07-29,1,2024-08-24,2.64,1,1
101973,David,Moore,SCH004,2021,2021-07-06,96.4,11.400000000000006,1,1,2022-02-22,1,2021-09-30,2.83,0,0
101974,Ashley,Moore,SCH001,2023,2022-02-22,78.7,-6.299999999999997,0,0,2021-07-31,1,2023-11-13,,1,0
101975,Emily,Wilson,SCH003,2021,2023-05-17,63.19590809168498,-21.804091908315023,0,0,2021-01-25,0,2023-06-04,,0,0
102000,Daniel,Wilson,SCH001,2022,2021-09-20,80.3,-4.700000000000003,0,0,2022-07-02,1,2023-03-03,2.71,1,1
